run,seed,baseline,parameter_count,state_dimensionality,depth,recurrence,corruption_type,corruption_severity,accuracy,cross_entropy,entropy,per_class_accuracy,confusion_matrix,prediction_changes,wrong_to_right,right_to_wrong,wrong_to_right_probability,right_to_wrong_probability,state_difference,optical_norm,training_seconds,inference_seconds_per_recurrence,confidence_amplifications,confidence_amplification_probability
brief3_primary_clean_seed_20260809,20260809,recurrent,36,1568,1,1,clean,0,0.071,2.393829998937009,2.1948301363790876,"[0.0,0.0,0.09482758620689656,0.009345794392523364,0.0,0.0,0.22988505747126436,0.202020202020202,0.21348314606741572,0.0]","[[0,0,2,1,0,0,49,1,11,21],[0,0,1,0,0,0,0,123,2,0],[0,2,11,9,0,0,2,49,43,0],[0,2,14,1,0,0,2,24,56,8],[0,0,0,0,0,0,13,30,67,0],[0,0,1,0,0,0,9,30,43,4],[0,0,5,1,0,0,20,28,28,5],[0,0,0,0,0,0,2,20,77,0],[0,0,0,0,0,0,2,68,19,0],[0,0,0,0,0,0,1,29,64,0]]",0,0,0,0,0,0.14178476583957672,0.21542156291007997,0,0.00000550263125,0,0
brief3_primary_clean_seed_20260809,20260809,recurrent,36,1568,1,2,clean,0,0.071,2.583371063643733,1.978000455470611,"[0.0,0.0,0.09482758620689656,0.009345794392523364,0.0,0.0,0.22988505747126436,0.202020202020202,0.21348314606741572,0.0]","[[0,0,2,1,0,0,49,1,11,21],[0,0,1,0,0,0,0,123,2,0],[0,3,11,9,0,0,2,49,42,0],[0,2,14,1,0,0,2,24,56,8],[0,0,0,0,0,0,14,30,66,0],[0,0,1,0,0,0,9,30,43,4],[0,0,5,1,0,0,20,28,28,5],[0,0,0,0,0,0,2,20,77,0],[0,0,0,0,0,0,2,68,19,0],[0,0,0,0,0,0,1,29,64,0]]",2,0,0,0,0,0.13741740918159484,0.36178777360916137,0,0.00000550263125,998,0.998
brief3_primary_clean_seed_20260809,20260809,recurrent,36,1568,1,4,clean,0,0.071,3.533834492928123,1.2309229692765695,"[0.0,0.0,0.09482758620689656,0.009345794392523364,0.0,0.0,0.22988505747126436,0.202020202020202,0.21348314606741572,0.0]","[[0,0,2,1,0,0,49,1,11,21],[0,0,1,0,0,0,0,123,2,0],[0,3,11,9,0,0,2,49,42,0],[0,2,14,1,0,0,2,24,56,8],[0,0,0,0,0,0,14,30,66,0],[0,0,1,0,0,0,9,30,43,4],[0,0,5,1,0,0,20,28,28,5],[0,0,0,0,0,0,2,20,77,0],[0,0,0,0,0,0,2,68,19,0],[0,0,0,0,0,0,1,29,64,0]]",0,0,0,0,0,0.12960907483100892,0.7472380938529968,0,0.00000550263125,1000,1
brief3_primary_clean_seed_20260809,20260809,recurrent,36,1568,1,8,clean,0,0.071,7.417249865239382,0.3941072597966933,"[0.0,0.0,0.09482758620689656,0.009345794392523364,0.0,0.0,0.22988505747126436,0.202020202020202,0.21348314606741572,0.0]","[[0,0,2,1,0,0,49,1,11,21],[0,0,1,0,0,0,0,123,2,0],[0,3,11,8,0,0,2,49,43,0],[0,2,14,1,0,0,2,24,56,8],[0,0,0,0,0,0,14,31,65,0],[0,0,1,0,0,0,9,30,43,4],[0,0,5,1,0,0,20,28,28,5],[0,0,0,0,0,0,2,20,77,0],[0,0,0,0,0,0,2,68,19,0],[0,0,0,0,0,0,1,29,64,0]]",0,0,0,0,0,0.11560477137565613,1.8152019119262697,0,0.00000550263125,1000,1
brief3_primary_clean_seed_20260809,20260809,recurrent,36,1568,1,16,clean,0,0.071,17.6680410923791,0.13616151057880155,"[0.0,0.0,0.09482758620689656,0.009345794392523364,0.0,0.0,0.22988505747126436,0.202020202020202,0.21348314606741572,0.0]","[[0,0,2,1,0,0,49,1,11,21],[0,0,1,0,0,0,0,123,2,0],[0,3,11,8,0,0,2,49,43,0],[0,2,14,1,0,0,2,24,56,8],[0,0,0,0,0,0,13,31,66,0],[0,0,1,0,0,0,9,30,43,4],[0,0,5,1,0,0,20,28,28,5],[0,0,0,0,0,0,2,20,77,0],[0,0,0,0,0,0,2,68,19,0],[0,0,0,0,0,0,1,29,64,0]]",0,0,0,0,0,0.09159123569726944,4.668505256652832,0,0.00000550263125,999,0.999
brief3_primary_clean_seed_20260809,20260809,recurrent,36,1568,1,32,clean,0,0.071,23.8388830556817,0.05965410008706981,"[0.0,0.0,0.10344827586206896,0.009345794392523364,0.0,0.0,0.22988505747126436,0.1919191919191919,0.21348314606741572,0.0]","[[0,0,2,1,0,0,49,1,11,21],[0,0,1,0,0,0,0,123,2,0],[0,2,12,7,0,0,2,49,44,0],[0,2,14,1,0,0,2,24,56,8],[0,0,0,0,0,0,12,31,67,0],[0,0,1,0,0,0,8,31,43,4],[0,0,5,1,0,0,20,28,28,5],[0,0,0,0,0,0,2,19,78,0],[0,0,0,0,0,0,2,68,19,0],[0,0,0,0,0,0,1,29,64,0]]",0,0,0,0,0,0.05693582686781883,10.956757667541504,0,0.00000550263125,815,0.815
brief3_primary_gaussian-010_seed_20260809,20260809,recurrent,36,1568,1,1,gaussian,0.1,0.073,2.3828313521026185,2.2065265156691796,"[0.0,0.0,0.10344827586206896,0.0,0.0,0.0,0.21839080459770116,0.21212121212121213,0.23595505617977527,0.0]","[[0,0,2,0,0,0,52,0,13,18],[0,0,1,0,0,0,0,122,3,0],[0,2,12,6,0,0,1,52,43,0],[0,1,14,0,0,0,2,26,57,7],[0,0,0,0,0,0,13,31,66,0],[0,0,1,0,0,0,8,31,43,4],[0,0,4,3,0,0,19,29,28,4],[0,0,0,0,0,0,2,21,76,0],[0,0,0,0,0,0,2,66,21,0],[0,0,0,0,0,0,2,29,63,0]]",0,0,0,0,0,0.14198253750801088,0.21589857161045076,0,0.0000047354625,0,0
brief3_primary_gaussian-010_seed_20260809,20260809,recurrent,36,1568,1,2,gaussian,0.1,0.074,2.5511707939228234,2.0108427161654756,"[0.0,0.0,0.10344827586206896,0.0,0.0,0.0,0.22988505747126436,0.21212121212121213,0.23595505617977527,0.0]","[[0,0,2,0,0,0,51,0,13,19],[0,0,1,0,0,0,0,122,3,0],[0,2,12,6,0,0,1,52,43,0],[0,1,15,0,0,0,2,26,56,7],[0,0,0,0,0,0,13,30,67,0],[0,0,1,0,0,0,8,31,43,4],[0,0,4,3,0,0,20,29,28,3],[0,0,0,0,0,0,2,21,76,0],[0,0,0,0,0,0,2,66,21,0],[0,0,0,0,0,0,3,28,63,0]]",5,1,0,0.0010787486515641857,0,0.13759780621528625,0.36258750820159913,0,0.0000047354625,995,0.995
brief3_primary_gaussian-010_seed_20260809,20260809,recurrent,36,1568,1,4,gaussian,0.1,0.074,3.412646604495621,1.2965745895014495,"[0.0,0.0,0.10344827586206896,0.0,0.0,0.0,0.22988505747126436,0.21212121212121213,0.23595505617977527,0.0]","[[0,0,2,0,0,0,51,0,13,19],[0,0,1,0,0,0,0,122,3,0],[0,2,12,6,0,0,1,52,43,0],[0,1,16,0,0,0,2,26,55,7],[0,0,0,0,0,0,13,30,67,0],[0,0,1,0,0,0,8,31,43,4],[0,0,4,3,0,0,20,29,28,3],[0,0,0,0,0,0,2,21,76,0],[0,0,0,0,0,0,2,66,21,0],[0,0,0,0,0,0,3,28,63,0]]",1,0,0,0,0,0.12979132747650146,0.748878300666809,0,0.0000047354625,999,0.999
brief3_primary_gaussian-010_seed_20260809,20260809,recurrent,36,1568,1,8,gaussian,0.1,0.074,7.043223977010782,0.4221143760692403,"[0.0,0.0,0.10344827586206896,0.0,0.0,0.0,0.22988505747126436,0.21212121212121213,0.23595505617977527,0.0]","[[0,0,2,0,0,0,51,0,13,19],[0,0,1,0,0,0,0,122,3,0],[0,2,12,7,0,0,1,51,43,0],[0,1,16,0,0,0,2,26,55,7],[0,0,0,0,0,0,14,30,66,0],[0,0,1,0,0,0,8,31,43,4],[0,0,4,3,0,0,20,29,28,3],[0,0,0,0,0,0,2,21,76,0],[0,0,0,0,0,0,2,66,21,0],[0,0,0,0,0,0,3,28,63,0]]",0,0,0,0,0,0.11588006168603895,1.8197121953964233,0,0.0000047354625,999,0.999
brief3_primary_gaussian-010_seed_20260809,20260809,recurrent,36,1568,1,16,gaussian,0.1,0.073,17.001381469659616,0.1447369614185748,"[0.0,0.0,0.10344827586206896,0.0,0.0,0.0,0.22988505747126436,0.202020202020202,0.23595505617977527,0.0]","[[0,0,2,0,0,0,51,0,13,19],[0,0,1,0,0,0,0,122,3,0],[0,2,12,7,0,0,1,51,43,0],[0,1,17,0,0,0,2,26,54,7],[0,0,0,0,0,0,14,30,66,0],[0,0,1,0,0,0,8,31,43,4],[0,0,4,3,0,0,20,29,28,3],[0,0,0,0,0,0,2,20,77,0],[0,0,0,0,0,0,2,66,21,0],[0,0,0,0,0,0,3,28,63,0]]",0,0,0,0,0,0.09206080412864684,4.686495014190674,0,0.0000047354625,999,0.999
brief3_primary_gaussian-010_seed_20260809,20260809,recurrent,36,1568,1,32,gaussian,0.1,0.072,23.66669295432541,0.06276040276713456,"[0.0,0.0,0.10344827586206896,0.0,0.0,0.0,0.21839080459770116,0.202020202020202,0.23595505617977527,0.0]","[[0,0,2,0,0,0,51,0,13,19],[0,0,1,0,0,0,0,122,3,0],[0,2,12,7,0,0,1,51,43,0],[0,1,17,0,0,0,2,26,54,7],[0,0,0,0,0,0,13,31,66,0],[0,0,1,0,0,0,8,31,43,4],[0,0,5,3,0,0,19,29,28,3],[0,0,0,0,0,0,2,20,77,0],[0,0,0,0,0,0,2,66,21,0],[0,0,0,0,0,0,3,28,63,0]]",1,0,0,0,0,0.05746975973248482,11.029855072021483,0,0.0000047354625,833,0.833
brief3_primary_gaussian-020_seed_20260809,20260809,recurrent,36,1568,1,1,gaussian,0.2,0.073,2.3712447048866983,2.219094168883933,"[0.0,0.0,0.10344827586206896,0.0,0.0,0.0,0.21839080459770116,0.21212121212121213,0.23595505617977527,0.0]","[[0,0,2,0,0,0,50,0,14,19],[0,0,1,0,0,0,0,122,3,0],[0,2,12,7,0,0,0,53,42,0],[0,1,16,0,0,0,2,24,57,7],[0,0,0,0,0,0,16,30,64,0],[0,0,2,0,0,0,8,30,44,3],[0,0,5,5,0,0,19,29,25,4],[0,0,0,0,0,0,1,21,77,0],[0,0,0,0,0,0,2,66,21,0],[0,0,0,0,0,0,1,31,62,0]]",0,0,0,0,0,0.14863619983196258,0.23514758515357972,0,0.0000055011093749999995,0,0
brief3_primary_gaussian-020_seed_20260809,20260809,recurrent,36,1568,1,2,gaussian,0.2,0.073,2.516920095668762,2.0471748343664173,"[0.0,0.0,0.10344827586206896,0.0,0.0,0.0,0.21839080459770116,0.21212121212121213,0.23595505617977527,0.0]","[[0,0,1,0,0,0,51,0,14,19],[0,0,1,0,0,0,0,122,3,0],[0,2,12,7,0,0,0,53,42,0],[0,1,16,0,0,0,2,24,57,7],[0,0,0,0,0,0,16,30,64,0],[0,0,2,0,0,0,8,30,44,3],[0,0,5,5,0,0,19,29,25,4],[0,0,0,0,0,0,1,21,77,0],[0,0,0,0,0,0,2,66,21,0],[0,0,0,0,0,0,1,31,62,0]]",1,0,0,0,0,0.14409489738941192,0.39546138215065,0,0.0000055011093749999995,999,0.999
brief3_primary_gaussian-020_seed_20260809,20260809,recurrent,36,1568,1,4,gaussian,0.2,0.073,3.278677383596687,1.378674547224953,"[0.0,0.0,0.10344827586206896,0.0,0.0,0.0,0.21839080459770116,0.21212121212121213,0.23595505617977527,0.0]","[[0,0,1,0,0,0,51,0,14,19],[0,0,1,0,0,0,0,122,3,0],[0,2,12,7,0,0,0,53,42,0],[0,1,17,0,0,0,2,23,57,7],[0,0,0,0,0,0,17,30,63,0],[0,0,2,0,0,0,8,30,44,3],[0,0,5,5,0,0,19,29,25,4],[0,0,0,0,0,0,1,21,77,0],[0,0,0,0,0,0,2,66,21,0],[0,0,0,0,0,0,1,31,62,0]]",1,0,0,0,0,0.1359540728330612,0.8180387315750122,0,0.0000055011093749999995,999,0.999
brief3_primary_gaussian-020_seed_20260809,20260809,recurrent,36,1568,1,8,gaussian,0.2,0.073,6.613469572951312,0.46145743771864894,"[0.0,0.0,0.10344827586206896,0.0,0.0,0.0,0.21839080459770116,0.21212121212121213,0.23595505617977527,0.0]","[[0,0,1,0,0,0,51,0,14,19],[0,0,1,0,0,0,0,122,3,0],[0,2,12,7,0,0,0,53,42,0],[0,1,17,0,0,0,2,23,57,7],[0,0,0,0,0,0,18,30,62,0],[0,0,2,0,0,0,8,30,44,3],[0,0,5,5,0,0,19,29,25,4],[0,0,0,0,0,0,1,21,77,0],[0,0,0,0,0,0,2,66,21,0],[0,0,0,0,0,0,2,30,62,0]]",1,0,0,0,0,0.12137147957086564,1.990417275428772,0,0.0000055011093749999995,999,0.999
brief3_primary_gaussian-020_seed_20260809,20260809,recurrent,36,1568,1,16,gaussian,0.2,0.073,16.11589685514418,0.1511809656284108,"[0.0,0.0,0.10344827586206896,0.0,0.0,0.0,0.21839080459770116,0.21212121212121213,0.23595505617977527,0.0]","[[0,0,1,0,0,0,52,0,13,19],[0,0,1,0,0,0,0,122,3,0],[0,2,12,7,0,0,0,53,42,0],[0,1,17,0,0,0,2,23,57,7],[0,0,0,0,0,0,18,30,62,0],[0,0,2,0,0,0,8,30,44,3],[0,0,5,5,0,0,19,29,25,4],[0,0,0,0,0,0,1,21,77,0],[0,0,0,0,0,0,2,66,21,0],[0,0,0,0,0,0,2,30,62,0]]",0,0,0,0,0,0.09628872960805893,5.129009929656982,0,0.0000055011093749999995,997,0.997
brief3_primary_gaussian-020_seed_20260809,20260809,recurrent,36,1568,1,32,gaussian,0.2,0.074,23.39135166091166,0.06248723744667477,"[0.0,0.0,0.11206896551724138,0.0,0.0,0.0,0.21839080459770116,0.21212121212121213,0.23595505617977527,0.0]","[[0,0,2,0,0,0,50,0,14,19],[0,0,1,0,0,0,0,122,3,0],[0,2,13,7,0,0,0,52,42,0],[0,1,16,0,0,0,2,24,57,7],[0,0,0,0,0,0,17,30,63,0],[0,0,2,0,0,0,8,30,44,3],[0,0,5,5,0,0,19,29,25,4],[0,0,0,0,0,0,1,21,77,0],[0,0,0,0,0,0,2,66,21,0],[0,0,0,0,0,0,2,30,62,0]]",0,0,0,0,0,0.0598706402182579,12.057793464660644,0,0.0000055011093749999995,868,0.868
brief3_primary_gaussian-030_seed_20260809,20260809,recurrent,36,1568,1,1,gaussian,0.3,0.076,2.3609301686828155,2.230883101057916,"[0.0,0.0,0.1206896551724138,0.0,0.0,0.0,0.20689655172413793,0.21212121212121213,0.25842696629213485,0.0]","[[0,0,2,1,0,0,47,1,13,21],[0,0,1,0,0,0,0,121,4,0],[0,2,14,7,0,0,0,52,40,1],[0,2,14,0,0,0,2,24,59,6],[0,0,0,0,0,0,18,30,62,0],[0,0,2,0,0,0,6,29,46,4],[0,0,5,4,0,0,18,31,23,6],[0,0,0,0,0,0,1,21,77,0],[0,0,0,0,0,0,1,64,23,1],[0,0,0,0,0,0,1,34,59,0]]",0,0,0,0,0,0.16106854009628296,0.27370412182807924,0,0.0000063872875,0,0
brief3_primary_gaussian-030_seed_20260809,20260809,recurrent,36,1568,1,2,gaussian,0.3,0.078,2.4856377729693757,2.082416395823286,"[0.0,0.0,0.12931034482758622,0.0,0.0,0.0,0.21839080459770116,0.21212121212121213,0.25842696629213485,0.0]","[[0,0,2,1,0,0,47,1,13,21],[0,0,1,0,0,0,0,122,3,0],[0,2,15,7,0,0,0,52,39,1],[1,1,14,0,0,0,2,24,59,6],[0,0,0,0,0,0,18,30,62,0],[0,0,2,0,0,0,6,29,46,4],[0,0,5,5,0,0,19,31,22,5],[0,0,0,0,0,0,1,21,77,0],[0,0,0,0,0,0,1,64,23,1],[0,0,0,0,0,0,1,34,59,0]]",5,2,0,0.0021645021645021645,0,0.15621887719631194,0.4612761311531066,0,0.0000063872875,995,0.995
brief3_primary_gaussian-030_seed_20260809,20260809,recurrent,36,1568,1,4,gaussian,0.3,0.078,3.1495063721686214,1.469792340169497,"[0.0,0.0,0.12931034482758622,0.0,0.0,0.0,0.21839080459770116,0.21212121212121213,0.25842696629213485,0.0]","[[0,0,2,1,0,0,47,1,13,21],[0,0,1,0,0,0,0,122,3,0],[0,2,15,7,0,0,1,51,39,1],[1,1,15,0,0,0,2,24,58,6],[0,0,0,0,0,0,18,30,62,0],[0,0,2,0,0,0,6,29,46,4],[0,0,5,5,0,0,19,31,22,5],[0,0,0,0,0,0,1,21,77,0],[0,0,0,1,0,0,2,63,23,0],[0,0,0,0,0,0,1,34,59,0]]",2,0,0,0,0,0.14738420343399047,0.9563184776306152,0,0.0000063872875,998,0.998
brief3_primary_gaussian-030_seed_20260809,20260809,recurrent,36,1568,1,8,gaussian,0.3,0.078,6.17559153253475,0.5171776513419243,"[0.0,0.0,0.12931034482758622,0.0,0.0,0.0,0.21839080459770116,0.21212121212121213,0.25842696629213485,0.0]","[[0,0,2,1,0,0,46,1,14,21],[0,0,1,0,0,0,0,122,3,0],[0,2,15,7,0,0,1,51,39,1],[1,1,15,0,0,0,2,24,58,6],[0,0,0,0,0,0,18,30,62,0],[0,0,2,0,0,0,6,29,46,4],[0,0,5,5,0,0,19,31,22,5],[0,0,0,0,0,0,1,21,77,0],[0,0,0,1,0,0,2,63,23,0],[0,0,0,0,0,0,1,34,59,0]]",0,0,0,0,0,0.1313871374130249,2.329972631454468,0,0.0000063872875,1000,1
brief3_primary_gaussian-030_seed_20260809,20260809,recurrent,36,1568,1,16,gaussian,0.3,0.079,15.121977338277707,0.16186505040097213,"[0.0,0.0,0.12931034482758622,0.0,0.0,0.0,0.22988505747126436,0.21212121212121213,0.25842696629213485,0.0]","[[0,0,2,1,0,0,46,1,14,21],[0,0,1,0,0,0,0,122,3,0],[0,2,15,7,0,0,1,51,39,1],[1,1,15,0,0,0,2,24,58,6],[0,0,0,0,0,0,18,30,62,0],[0,0,2,0,0,0,6,29,46,4],[0,0,5,5,0,0,20,30,22,5],[0,0,0,0,0,0,1,21,77,0],[0,0,0,0,0,0,2,64,23,0],[0,0,0,0,0,0,1,33,60,0]]",0,0,0,0,0,0.10391632109880448,5.9998369140625,0,0.0000063872875,1000,1
brief3_primary_gaussian-030_seed_20260809,20260809,recurrent,36,1568,1,32,gaussian,0.3,0.078,23.00692529015149,0.06545659423262395,"[0.0,0.0,0.12931034482758622,0.0,0.0,0.0,0.21839080459770116,0.21212121212121213,0.25842696629213485,0.0]","[[0,0,2,1,0,0,46,1,14,21],[0,0,1,0,0,0,0,121,4,0],[0,2,15,7,0,0,1,51,39,1],[1,1,15,0,0,0,2,24,58,6],[0,0,0,0,0,0,18,30,62,0],[0,0,2,0,0,0,6,29,46,4],[0,0,5,5,0,0,19,30,23,5],[0,0,0,0,0,0,1,21,77,0],[0,0,0,0,0,0,2,64,23,0],[0,0,0,0,0,0,1,33,60,0]]",0,0,0,0,0,0.06437655311822892,14.067643745422362,0,0.0000063872875,896,0.896
brief3_primary_gaussian-040_seed_20260809,20260809,recurrent,36,1568,1,1,gaussian,0.4,0.08,2.3523885105747815,2.2411450458839135,"[0.0,0.0,0.1206896551724138,0.0,0.0,0.0,0.2413793103448276,0.202020202020202,0.2808988764044944,0.0]","[[0,0,2,1,0,0,44,1,17,20],[1,0,1,2,0,0,0,119,3,0],[0,3,14,7,0,0,2,52,37,1],[0,3,12,0,0,0,3,23,60,6],[0,0,0,0,0,0,18,30,62,0],[0,0,2,0,0,0,5,29,47,4],[0,0,5,5,0,0,21,27,24,5],[0,0,1,1,0,0,1,20,76,0],[0,0,0,0,0,0,1,62,25,1],[0,0,0,0,0,0,2,36,56,0]]",0,0,0,0,0,0.1771208745241165,0.328310515165329,0,0.000006071290625,0,0
brief3_primary_gaussian-040_seed_20260809,20260809,recurrent,36,1568,1,2,gaussian,0.4,0.081,2.458999815723959,2.1143704249433797,"[0.0,0.0,0.1206896551724138,0.0,0.0,0.0,0.2413793103448276,0.21212121212121213,0.2808988764044944,0.0]","[[0,0,2,1,0,0,44,1,17,20],[1,0,1,2,0,0,0,119,3,0],[0,3,14,7,0,0,2,52,37,1],[0,3,13,0,0,0,3,22,60,6],[0,0,0,0,0,0,18,30,62,0],[0,0,2,0,0,0,5,29,47,4],[0,0,5,5,0,0,21,28,23,5],[0,0,1,1,0,0,1,21,75,0],[0,0,0,0,0,0,1,62,25,1],[0,0,0,0,0,0,2,35,57,0]]",4,1,0,0.0010869565217391304,0,0.17184735596179962,0.5544104976654053,0,0.000006071290625,996,0.996
brief3_primary_gaussian-040_seed_20260809,20260809,recurrent,36,1568,1,4,gaussian,0.4,0.082,3.0322339432598113,1.5658078466143226,"[0.0,0.0,0.12931034482758622,0.0,0.0,0.0,0.2413793103448276,0.21212121212121213,0.2808988764044944,0.0]","[[0,0,2,1,0,0,43,1,17,21],[1,0,1,2,0,0,0,119,3,0],[0,3,15,7,0,0,2,52,36,1],[0,3,13,0,0,0,3,22,60,6],[0,0,0,0,0,0,18,30,62,0],[0,0,2,0,0,0,5,29,47,4],[0,0,5,5,0,0,21,28,23,5],[0,0,1,1,0,0,1,21,75,0],[0,0,0,0,0,0,1,62,25,1],[0,0,0,0,0,0,2,35,57,0]]",0,0,0,0,0,0.16208373713493346,1.1517236576080323,0,0.000006071290625,1000,1
brief3_primary_gaussian-040_seed_20260809,20260809,recurrent,36,1568,1,8,gaussian,0.4,0.082,5.745623291805639,0.5968484083352903,"[0.0,0.0,0.12931034482758622,0.0,0.0,0.0,0.2413793103448276,0.21212121212121213,0.2808988764044944,0.0]","[[0,0,2,1,0,0,43,1,17,21],[1,0,1,2,0,0,0,119,3,0],[0,3,15,7,0,0,2,52,36,1],[1,3,13,0,0,0,2,21,61,6],[0,0,0,0,0,0,18,30,62,0],[0,0,2,0,0,0,5,29,47,4],[0,0,5,5,0,0,21,28,23,5],[0,0,1,1,0,0,1,21,75,0],[0,0,0,0,0,0,1,62,25,1],[0,0,0,0,0,0,2,35,57,0]]",0,0,0,0,0,0.14425633227825166,2.808705354690552,0,0.000006071290625,1000,1
brief3_primary_gaussian-040_seed_20260809,20260809,recurrent,36,1568,1,16,gaussian,0.4,0.082,14.041279228017013,0.1863893231876412,"[0.0,0.0,0.12931034482758622,0.0,0.0,0.0,0.2413793103448276,0.21212121212121213,0.2808988764044944,0.0]","[[0,0,2,1,0,0,43,1,17,21],[1,0,1,2,0,0,0,119,3,0],[0,3,15,7,0,0,2,52,36,1],[1,3,13,0,0,0,2,21,61,6],[0,0,0,0,0,0,18,30,62,0],[0,0,2,0,0,0,5,29,47,4],[0,0,5,5,0,0,21,28,23,5],[0,0,1,1,0,0,1,21,75,0],[0,0,0,0,0,0,1,62,25,1],[0,0,0,0,0,0,2,35,57,0]]",0,0,0,0,0,0.11378700709342957,7.22530233001709,0,0.000006071290625,999,0.999
brief3_primary_gaussian-040_seed_20260809,20260809,recurrent,36,1568,1,32,gaussian,0.4,0.081,22.437210273332685,0.07407887075069654,"[0.0,0.0,0.12931034482758622,0.0,0.0,0.0,0.2413793103448276,0.202020202020202,0.2808988764044944,0.0]","[[0,0,2,1,0,0,43,1,17,21],[1,0,1,2,0,0,0,119,3,0],[0,3,15,7,0,0,2,51,37,1],[0,3,13,0,0,0,3,22,60,6],[0,0,0,0,0,0,18,30,62,0],[0,0,2,0,0,0,5,29,47,4],[0,0,5,5,0,0,21,28,23,5],[0,0,1,1,0,0,1,20,76,0],[0,0,0,0,0,0,1,62,25,1],[0,0,0,0,0,0,2,35,57,0]]",0,0,0,0,0,0.0703019557595253,16.899835174560547,0,0.000006071290625,935,0.935
brief3_primary_occlusion-010_seed_20260809,20260809,recurrent,36,1568,1,1,occlusion,0.1,0.084,2.3687543446966033,2.2144526043445905,"[0.0,0.0,0.1724137931034483,0.018691588785046728,0.0,0.0,0.16091954022988506,0.2222222222222222,0.29213483146067415,0.0]","[[0,0,3,2,0,0,46,2,12,20],[0,0,14,7,1,0,0,103,1,0],[0,1,20,16,0,0,2,38,38,1],[0,4,20,2,0,0,2,27,45,7],[0,0,0,1,0,0,20,24,65,0],[0,0,2,8,1,0,12,22,38,4],[0,0,8,8,1,0,14,26,24,6],[0,0,0,0,0,0,1,22,76,0],[0,0,1,2,0,0,1,58,26,1],[0,0,1,1,0,0,9,25,58,0]]",0,0,0,0,0,0.1289385219812393,0.17763526546955108,0,0.000006372859375,0,0
brief3_primary_occlusion-010_seed_20260809,20260809,recurrent,36,1568,1,2,occlusion,0.1,0.084,2.519577803431381,2.030955486425554,"[0.0,0.0,0.1724137931034483,0.018691588785046728,0.0,0.0,0.16091954022988506,0.2222222222222222,0.29213483146067415,0.0]","[[0,0,3,2,0,0,46,2,12,20],[0,0,14,7,1,0,0,103,1,0],[0,1,20,16,0,0,2,38,38,1],[0,4,20,2,0,0,2,27,45,7],[0,0,0,1,0,0,20,24,65,0],[0,0,2,8,1,0,12,22,38,4],[0,0,8,8,1,0,14,26,24,6],[0,0,0,0,0,0,1,22,76,0],[0,0,1,2,0,0,1,58,26,1],[0,0,1,1,0,0,9,25,58,0]]",0,0,0,0,0,0.12498195189237594,0.2985353844165802,0,0.000006372859375,1000,1
brief3_primary_occlusion-010_seed_20260809,20260809,recurrent,36,1568,1,4,occlusion,0.1,0.086,3.3105399259398296,1.3615711914088957,"[0.0,0.0,0.1724137931034483,0.018691588785046728,0.0,0.0,0.16091954022988506,0.23232323232323232,0.30337078651685395,0.0]","[[0,0,3,2,0,0,46,2,12,20],[0,0,14,7,1,0,0,103,1,0],[0,1,20,16,0,0,2,38,38,1],[0,4,20,2,0,0,2,27,45,7],[0,0,0,1,0,0,20,24,65,0],[0,0,2,8,1,0,12,22,38,4],[0,0,8,8,1,0,14,26,24,6],[0,0,0,0,0,0,1,23,75,0],[0,0,1,2,0,0,1,57,27,1],[0,0,1,1,0,0,9,25,58,0]]",0,0,0,0,0,0.11787549751996994,0.6170392427444458,0,0.000006372859375,1000,1
brief3_primary_occlusion-010_seed_20260809,20260809,recurrent,36,1568,1,8,occlusion,0.1,0.085,6.68195407791155,0.5089097232192359,"[0.0,0.0,0.16379310344827586,0.018691588785046728,0.0,0.0,0.16091954022988506,0.23232323232323232,0.30337078651685395,0.0]","[[0,0,3,2,0,0,46,2,12,20],[0,0,14,7,1,0,0,103,1,0],[0,1,19,16,0,0,2,38,39,1],[0,4,20,2,0,0,2,27,45,7],[0,0,0,1,0,0,20,25,64,0],[0,0,2,8,1,0,12,22,38,4],[0,0,8,8,1,0,14,26,24,6],[0,0,0,0,0,0,1,23,75,0],[0,0,1,2,0,0,1,57,27,1],[0,0,1,1,0,0,9,25,58,0]]",0,0,0,0,0,0.10510024785995484,1.4995592346191406,0,0.000006372859375,1000,1
brief3_primary_occlusion-010_seed_20260809,20260809,recurrent,36,1568,1,16,occlusion,0.1,0.086,15.842987759910216,0.18537360406640807,"[0.0,0.0,0.1724137931034483,0.018691588785046728,0.0,0.0,0.16091954022988506,0.23232323232323232,0.30337078651685395,0.0]","[[0,0,3,2,0,0,46,2,12,20],[0,0,14,7,1,0,0,103,1,0],[0,1,20,16,0,0,2,38,38,1],[0,4,20,2,0,0,2,27,45,7],[0,0,0,1,0,0,19,25,65,0],[0,0,2,8,1,0,12,22,38,4],[0,0,8,8,1,0,14,26,24,6],[0,0,0,0,0,0,1,23,75,0],[0,0,1,2,0,0,1,57,27,1],[0,0,1,1,0,0,9,25,58,0]]",0,0,0,0,0,0.08321538257598877,3.8563092517852784,0,0.000006372859375,999,0.999
brief3_primary_occlusion-010_seed_20260809,20260809,recurrent,36,1568,1,32,occlusion,0.1,0.086,22.540119406539564,0.08526188329580991,"[0.0,0.0,0.1810344827586207,0.018691588785046728,0.0,0.0,0.16091954022988506,0.2222222222222222,0.30337078651685395,0.0]","[[0,0,3,2,0,0,46,2,12,20],[0,0,14,7,1,0,0,103,1,0],[0,1,21,15,0,0,2,38,38,1],[0,4,20,2,0,0,2,27,45,7],[0,0,0,1,0,0,19,25,65,0],[0,0,2,8,1,0,12,22,38,4],[0,0,8,8,1,0,14,26,24,6],[0,0,0,0,0,0,1,22,76,0],[0,0,1,2,0,0,1,57,27,1],[0,0,1,1,0,0,9,25,58,0]]",0,0,0,0,0,0.05169455629587173,9.04579192352295,0,0.000006372859375,825,0.825
brief3_primary_occlusion-025_seed_20260809,20260809,recurrent,36,1568,1,1,occlusion,0.25,0.108,2.3273327720123462,2.2555972430994613,"[0.0,0.0,0.28448275862068967,0.028037383177570093,0.02727272727272727,0.0,0.16091954022988506,0.15151515151515152,0.33707865168539325,0.10638297872340426]","[[0,0,6,5,0,2,30,2,14,26],[0,0,35,28,1,0,0,58,2,2],[0,4,33,26,0,0,5,21,21,6],[1,9,38,3,0,1,4,6,36,9],[0,2,10,6,3,1,25,12,49,2],[0,2,4,16,8,0,8,11,30,8],[0,0,15,16,2,0,14,12,15,13],[0,1,5,1,0,0,5,15,64,8],[0,2,12,15,1,0,4,22,30,3],[0,0,6,6,0,1,23,12,36,10]]",0,0,0,0,0,0.10260960721969604,0.11207851177453997,0,0.00000625355625,0,0
brief3_primary_occlusion-025_seed_20260809,20260809,recurrent,36,1568,1,2,occlusion,0.25,0.101,2.402230678404112,2.150998762641217,"[0.0,0.0,0.28448275862068967,0.028037383177570093,0.02727272727272727,0.0,0.16091954022988506,0.15151515151515152,0.3258426966292135,0.0425531914893617]","[[0,0,6,5,0,2,30,2,14,26],[0,0,35,28,1,0,0,60,2,0],[0,4,33,26,0,0,5,21,21,6],[1,9,39,3,0,1,4,6,36,8],[0,2,10,6,3,1,25,12,49,2],[0,2,4,17,8,0,8,11,30,7],[0,0,16,16,2,0,14,12,15,12],[0,4,6,1,0,1,6,15,65,1],[0,2,13,15,1,0,4,22,29,3],[0,0,11,6,0,1,23,13,36,4]]",20,0,7,0,0.06481481481481481,0.09947559863328934,0.18853182077407837,0,0.00000625355625,978,0.978
brief3_primary_occlusion-025_seed_20260809,20260809,recurrent,36,1568,1,4,occlusion,0.25,0.1,2.841322190724444,1.710323564832101,"[0.0,0.0,0.28448275862068967,0.028037383177570093,0.02727272727272727,0.0,0.16091954022988506,0.15151515151515152,0.3258426966292135,0.031914893617021274]","[[0,0,6,5,0,2,30,2,14,26],[0,0,35,28,1,0,0,60,2,0],[0,4,33,26,0,0,5,21,21,6],[1,9,39,3,0,1,4,6,36,8],[0,2,10,6,3,1,24,12,50,2],[0,2,4,17,8,0,8,11,31,6],[0,0,17,16,2,0,14,11,15,12],[0,3,7,1,0,1,6,15,65,1],[0,2,13,15,1,0,4,22,29,3],[0,0,12,5,0,1,23,13,37,3]]",2,0,0,0,0,0.09381394624710084,0.3900402464866638,0,0.00000625355625,996,0.996
brief3_primary_occlusion-025_seed_20260809,20260809,recurrent,36,1568,1,8,occlusion,0.25,0.102,4.952016869221775,0.9358498564514374,"[0.0,0.0,0.28448275862068967,0.028037383177570093,0.02727272727272727,0.0,0.16091954022988506,0.16161616161616163,0.3258426966292135,0.0425531914893617]","[[0,0,6,5,0,2,30,2,14,26],[0,0,35,28,1,0,0,60,2,0],[0,4,33,26,0,0,5,21,21,6],[1,9,39,3,0,1,4,5,37,8],[0,2,10,6,3,1,23,12,51,2],[0,2,4,17,8,0,8,11,31,6],[0,0,17,16,2,0,14,11,15,12],[0,3,7,1,0,1,6,16,64,1],[0,2,13,16,0,0,4,22,29,3],[0,0,13,4,0,1,23,13,36,4]]",0,0,0,0,0,0.08360812479257583,0.948433216571808,0,0.00000625355625,999,0.999
brief3_primary_occlusion-025_seed_20260809,20260809,recurrent,36,1568,1,16,occlusion,0.25,0.102,11.277665082220189,0.47162599198871685,"[0.0,0.0,0.28448275862068967,0.037383177570093455,0.02727272727272727,0.0,0.16091954022988506,0.16161616161616163,0.3146067415730337,0.0425531914893617]","[[0,0,6,4,0,2,31,2,15,25],[0,0,35,28,1,0,0,60,2,0],[0,4,33,26,0,0,5,21,21,6],[1,9,39,4,0,1,4,4,37,8],[0,2,9,6,3,1,24,12,51,2],[0,2,4,17,8,0,8,11,32,5],[0,0,16,16,2,0,14,11,15,13],[0,3,7,1,0,1,6,16,64,1],[0,2,13,16,0,0,4,23,28,3],[0,0,12,6,0,1,24,12,35,4]]",0,0,0,0,0,0.06614588242769241,2.438772304534912,0,0.00000625355625,999,0.999
brief3_primary_occlusion-025_seed_20260809,20260809,recurrent,36,1568,1,32,occlusion,0.25,0.104,17.899293925585095,0.31642149574921635,"[0.0,0.0,0.29310344827586204,0.037383177570093455,0.03636363636363636,0.0,0.16091954022988506,0.16161616161616163,0.3146067415730337,0.0425531914893617]","[[0,0,6,4,0,2,31,2,15,25],[0,0,35,28,1,0,0,60,2,0],[0,4,34,25,0,0,5,21,21,6],[1,9,39,4,0,1,4,4,37,8],[0,2,8,6,4,1,24,12,51,2],[0,2,4,17,7,0,8,11,33,5],[0,0,16,16,2,0,14,11,15,13],[0,4,7,1,0,1,6,16,63,1],[0,2,13,16,0,0,4,23,28,3],[0,0,14,6,0,0,24,12,34,4]]",0,0,0,0,0,0.0410570670068264,5.716943672180176,0,0.00000625355625,850,0.85
brief3_primary_occlusion-040_seed_20260809,20260809,recurrent,36,1568,1,1,occlusion,0.4,0.119,2.295139577725875,2.2865149714253055,"[0.0,0.0,0.31896551724137934,0.04672897196261682,0.12727272727272726,0.0,0.16091954022988506,0.030303030303030304,0.056179775280898875,0.43617021276595747]","[[0,0,8,8,0,2,19,0,7,41],[0,0,33,26,2,0,0,8,5,52],[0,7,37,27,0,2,9,3,6,25],[1,15,39,5,0,2,3,0,11,31],[0,4,10,11,14,3,24,0,17,27],[0,1,6,17,21,0,8,0,10,24],[0,1,17,19,6,0,14,1,4,25],[0,3,5,4,0,1,8,3,18,57],[0,2,21,25,6,0,7,3,5,20],[0,0,9,11,0,0,19,0,14,41]]",0,0,0,0,0,0.0699624406695366,0.05184584191441536,0,0.00000621496875,0,0
brief3_primary_occlusion-040_seed_20260809,20260809,recurrent,36,1568,1,2,occlusion,0.4,0.116,2.310316375862857,2.248999498377415,"[0.0,0.0,0.31896551724137934,0.04672897196261682,0.13636363636363635,0.0,0.16091954022988506,0.09090909090909093,0.06741573033707865,0.3191489361702128]","[[0,0,8,8,0,2,19,0,8,40],[0,0,33,26,2,0,0,19,4,42],[0,7,37,27,0,1,10,6,6,22],[1,16,40,5,0,2,3,1,14,25],[0,4,10,11,15,3,25,0,20,22],[0,1,6,17,23,0,8,1,10,21],[0,1,17,19,6,0,14,2,4,24],[1,9,6,7,0,3,9,9,22,33],[0,2,21,26,6,0,9,3,6,16],[0,0,14,11,0,0,21,0,18,30]]",72,8,11,0.009080590238365494,0.09243697478991596,0.06784074002504349,0.08732445788383483,0,0.00000621496875,768,0.768
brief3_primary_occlusion-040_seed_20260809,20260809,recurrent,36,1568,1,4,occlusion,0.4,0.114,2.4445642542410324,2.0629917132046476,"[0.0,0.0,0.3103448275862069,0.04672897196261682,0.13636363636363635,0.011494252873563218,0.16091954022988506,0.13131313131313133,0.07865168539325842,0.24468085106382975]","[[0,0,8,8,0,2,19,6,10,32],[0,0,33,26,2,0,0,27,24,14],[0,7,36,27,0,1,10,7,8,20],[1,16,40,5,0,2,5,5,19,14],[0,4,10,11,15,3,25,0,28,14],[0,1,6,17,24,1,10,2,11,15],[0,1,17,19,6,0,14,3,5,22],[1,9,7,7,0,4,10,13,30,18],[0,2,21,26,6,0,9,7,7,11],[0,0,15,10,0,0,21,0,25,23]]",43,2,3,0.0022598870056497176,0.02608695652173913,0.06397487157583237,0.18090088713169095,0,0.00000621496875,838,0.838
brief3_primary_occlusion-040_seed_20260809,20260809,recurrent,36,1568,1,8,occlusion,0.4,0.106,3.259693352501144,1.6044470458140836,"[0.0,0.0,0.3103448275862069,0.04672897196261682,0.13636363636363635,0.011494252873563218,0.16091954022988506,0.1414141414141414,0.0898876404494382,0.13829787234042554]","[[0,0,8,8,0,2,19,9,12,27],[0,0,33,26,2,0,0,32,32,1],[0,7,36,27,0,1,9,6,10,20],[1,16,40,5,0,2,5,7,20,11],[0,4,10,11,15,3,25,2,29,11],[0,1,6,16,25,1,12,6,10,10],[0,1,17,19,6,0,14,4,5,21],[1,9,8,6,0,4,10,14,36,11],[0,2,21,26,5,0,9,8,8,10],[0,0,16,9,0,0,21,3,32,13]]",7,1,0,0.0011173184357541898,0,0.05697864383459091,0.440241537809372,0,0.00000621496875,843,0.843
brief3_primary_occlusion-040_seed_20260809,20260809,recurrent,36,1568,1,16,occlusion,0.4,0.108,6.09810727771408,1.216613284850237,"[0.0,0.0,0.31896551724137934,0.04672897196261682,0.13636363636363635,0.011494252873563218,0.16091954022988506,0.15151515151515152,0.10112359550561796,0.1276595744680851]","[[0,0,9,7,0,2,19,9,12,27],[0,0,33,26,2,0,0,37,27,1],[0,7,37,27,0,1,9,6,10,19],[1,15,40,5,0,2,5,6,22,11],[0,4,10,11,15,3,25,3,28,11],[0,1,6,16,25,1,13,7,9,9],[0,1,17,19,6,0,14,4,6,20],[1,9,8,6,0,4,11,15,34,11],[0,2,21,26,5,0,9,7,9,10],[0,0,17,8,0,0,21,4,32,12]]",1,0,0,0,0,0.04502850779891014,1.1318803100585937,0,0.00000621496875,898,0.898
brief3_primary_occlusion-040_seed_20260809,20260809,recurrent,36,1568,1,32,occlusion,0.4,0.107,10.343398818581614,1.0322486762715335,"[0.0,0.0,0.3275862068965517,0.04672897196261682,0.14545454545454545,0.0,0.16091954022988506,0.1414141414141414,0.0898876404494382,0.1276595744680851]","[[0,0,9,7,0,2,19,9,12,27],[0,0,33,26,2,0,0,37,26,2],[0,7,38,26,0,1,9,8,10,17],[1,15,40,5,0,2,4,6,23,11],[0,4,10,11,16,3,25,2,29,10],[0,1,6,17,24,0,15,6,8,10],[0,1,17,19,6,0,14,4,6,20],[1,9,9,6,0,3,11,14,35,11],[0,2,22,25,5,0,9,8,8,10],[0,0,18,7,0,0,21,7,29,12]]",5,0,0,0,0,0.02791881899535656,2.6509726905822752,0,0.00000621496875,876,0.876
brief3_primary_occlusion-055_seed_20260809,20260809,recurrent,36,1568,1,1,occlusion,0.55,0.128,2.295843754998824,2.2959479600594053,"[0.0,0.0,0.27586206896551724,0.028037383177570093,0.12727272727272726,0.0,0.022988505747126436,0.0,0.0,0.8191489361702128]","[[0,0,8,9,0,2,9,0,0,57],[0,0,23,14,1,0,0,0,0,88],[0,5,32,19,3,1,0,0,0,56],[5,10,28,3,0,2,1,0,0,58],[0,4,9,4,14,2,6,0,0,71],[0,1,6,6,22,0,4,0,0,48],[0,1,19,15,2,0,2,0,0,48],[0,2,4,1,0,1,2,0,0,89],[0,1,16,13,4,0,0,0,0,55],[0,0,5,6,0,1,5,0,0,77]]",0,0,0,0,0,0.04019443273544312,0.016971712082624435,0,0.000006247140625,0,0
brief3_primary_occlusion-055_seed_20260809,20260809,recurrent,36,1568,1,2,occlusion,0.55,0.129,2.299742200164561,2.2800402964021895,"[0.0,0.0,0.27586206896551724,0.028037383177570093,0.13636363636363635,0.0,0.022988505747126436,0.0,0.0,0.8191489361702128]","[[0,0,8,9,0,2,9,0,0,57],[0,0,23,14,1,0,0,0,0,88],[0,5,32,19,4,2,2,0,0,52],[7,10,28,3,0,2,2,0,0,55],[0,4,9,4,15,2,6,0,0,70],[0,1,6,6,29,0,5,0,0,40],[0,1,19,15,2,0,2,0,0,48],[1,4,4,1,1,3,3,0,0,82],[0,1,16,13,6,1,1,0,0,51],[0,0,5,6,0,1,5,0,0,77]]",27,1,0,0.001146788990825688,0,0.03899029791355133,0.02864312218129635,0,0.000006247140625,447,0.447
brief3_primary_occlusion-055_seed_20260809,20260809,recurrent,36,1568,1,4,occlusion,0.55,0.124,2.3523003636371236,2.193203080627795,"[0.0,0.0,0.27586206896551724,0.028037383177570093,0.13636363636363635,0.0,0.022988505747126436,0.04040404040404041,0.0,0.723404255319149]","[[0,0,8,9,0,2,9,2,0,55],[0,0,23,14,1,0,0,3,17,68],[0,6,32,19,4,2,5,1,1,46],[7,10,28,3,0,2,3,2,2,50],[0,4,9,4,15,2,6,1,7,62],[0,1,6,6,30,0,6,4,0,34],[0,1,19,15,2,0,2,1,2,45],[2,6,4,1,1,5,4,4,16,56],[0,1,16,13,8,1,1,7,0,42],[0,0,5,6,0,1,5,0,9,68]]",84,4,9,0.004592422502870264,0.06976744186046512,0.03676526683568954,0.0594615570306778,0,0.000006247140625,471,0.471
brief3_primary_occlusion-055_seed_20260809,20260809,recurrent,36,1568,1,8,occlusion,0.55,0.114,2.7215096546668107,1.945251917228613,"[0.0,0.0,0.27586206896551724,0.028037383177570093,0.13636363636363635,0.0,0.022988505747126436,0.101010101010101,0.0898876404494382,0.46808510638297873]","[[0,0,8,9,0,2,9,15,4,38],[0,0,23,14,1,0,0,9,51,28],[0,6,32,19,4,2,6,6,2,39],[7,10,28,3,0,2,6,18,7,26],[0,4,9,4,15,2,6,4,23,43],[0,1,6,6,30,0,7,8,5,24],[0,1,19,15,2,0,2,4,4,40],[2,6,4,1,1,5,5,10,34,31],[0,1,16,13,8,1,1,13,8,28],[0,0,5,6,0,1,5,2,31,44]]",18,3,5,0.003393665158371041,0.04310344827586207,0.03271238172054291,0.14489212560653686,0,0.000006247140625,482,0.482
brief3_primary_occlusion-055_seed_20260809,20260809,recurrent,36,1568,1,16,occlusion,0.55,0.113,4.107978361529714,1.688480345131506,"[0.0,0.0,0.27586206896551724,0.028037383177570093,0.12727272727272726,0.0,0.022988505747126436,0.12121212121212122,0.11235955056179776,0.425531914893617]","[[0,0,8,9,0,3,8,14,5,38],[0,0,23,14,1,0,0,10,50,28],[0,6,32,19,4,2,7,5,3,38],[7,10,28,3,0,2,6,18,7,26],[0,5,9,4,14,2,6,4,23,43],[0,1,6,6,30,0,7,8,5,24],[0,1,19,15,2,0,2,4,4,40],[1,7,4,1,1,5,4,12,37,27],[0,1,16,13,8,1,1,11,10,28],[0,0,5,6,0,1,5,2,35,40]]",1,0,0,0,0,0.02580862581729889,0.3724601998329163,0,0.000006247140625,497,0.497
brief3_primary_occlusion-055_seed_20260809,20260809,recurrent,36,1568,1,32,occlusion,0.55,0.117,6.452065784291027,1.539642479017264,"[0.0,0.0,0.28448275862068967,0.028037383177570093,0.12727272727272726,0.0,0.022988505747126436,0.13131313131313133,0.1348314606741573,0.425531914893617]","[[0,0,7,10,0,3,9,12,7,37],[0,0,23,14,1,0,0,15,45,28],[0,6,33,18,4,2,5,6,3,39],[7,10,28,3,0,2,6,16,8,27],[0,5,9,4,14,2,6,4,25,41],[0,1,6,6,30,0,6,9,4,25],[0,1,19,15,2,0,2,4,4,40],[1,7,4,1,2,5,4,13,37,25],[0,1,16,13,8,1,1,9,12,28],[0,0,5,6,0,1,5,2,35,40]]",1,0,0,0,0,0.015977161899209023,0.871182740688324,0,0.000006247140625,569,0.569
brief3_primary_vertical-strip_seed_20260809,20260809,recurrent,36,1568,1,1,vertical_strip,0.25,0.097,2.355195507817154,2.2504035103053877,"[0.0,0.015873015873015872,0.0,0.018691588785046728,0.0,0.0,0.3793103448275862,0.0,0.6629213483146067,0.010638297872340424]","[[0,0,0,0,0,0,52,0,12,21],[0,2,0,50,1,0,0,0,12,61],[0,18,0,27,0,0,12,0,53,6],[0,5,0,2,0,0,5,0,83,12],[0,0,0,0,0,0,43,0,67,0],[0,0,0,5,3,0,21,0,51,7],[0,0,0,8,3,0,33,0,31,12],[0,0,0,4,0,0,6,0,89,0],[0,0,0,14,1,0,13,0,59,2],[0,0,0,0,0,0,25,0,68,1]]",0,0,0,0,0,0.09445204657316209,0.09395808357000351,0,0.000006587390624999999,0,0
brief3_primary_vertical-strip_seed_20260809,20260809,recurrent,36,1568,1,2,vertical_strip,0.25,0.096,2.455401297459548,2.13615164658084,"[0.0,0.015873015873015872,0.0,0.018691588785046728,0.0,0.0,0.3793103448275862,0.0,0.6629213483146067,0.0]","[[0,0,0,0,0,0,52,0,12,21],[0,2,0,51,1,0,0,0,14,58],[0,18,0,28,0,0,12,0,52,6],[0,5,0,2,0,0,5,0,84,11],[0,0,0,0,0,0,43,0,67,0],[0,0,0,5,4,0,21,0,51,6],[0,0,0,8,3,0,33,0,32,11],[0,0,0,4,0,0,6,0,89,0],[0,0,0,14,1,0,13,0,59,2],[0,0,0,1,0,0,25,0,68,0]]",8,0,1,0,0.010309278350515464,0.09162423121929168,0.15847971248626708,0,0.000006587390624999999,933,0.933
brief3_primary_vertical-strip_seed_20260809,20260809,recurrent,36,1568,1,4,vertical_strip,0.25,0.097,2.9829644878987,1.6624951771620369,"[0.0,0.015873015873015872,0.0,0.018691588785046728,0.0,0.0,0.39080459770114945,0.0,0.6629213483146067,0.0]","[[0,0,0,0,0,0,52,0,12,21],[0,2,0,51,1,0,0,0,18,54],[0,18,0,28,0,0,12,0,52,6],[0,5,0,2,0,0,5,0,84,11],[0,0,0,0,0,0,42,0,68,0],[0,0,0,5,4,0,20,0,52,6],[0,0,0,8,3,0,34,0,31,11],[0,0,0,4,0,0,6,0,89,0],[0,0,0,14,1,0,13,0,59,2],[0,0,0,1,0,0,23,0,70,0]]",2,1,0,0.0011061946902654867,0,0.08643199020624161,0.32883493733406066,0,0.000006587390624999999,940,0.94
brief3_primary_vertical-strip_seed_20260809,20260809,recurrent,36,1568,1,8,vertical_strip,0.25,0.097,5.383664437828278,0.8878441284376191,"[0.0,0.015873015873015872,0.0,0.018691588785046728,0.0,0.0,0.39080459770114945,0.0,0.6629213483146067,0.0]","[[0,0,0,0,0,0,52,0,12,21],[0,2,0,51,1,0,0,0,20,52],[0,19,0,28,0,0,12,0,51,6],[0,5,0,2,0,0,5,0,84,11],[0,0,0,0,0,0,42,0,68,0],[0,0,0,5,4,0,20,0,52,6],[0,0,0,8,3,0,34,0,31,11],[0,0,0,4,0,0,6,0,89,0],[0,0,0,14,1,0,14,0,59,1],[0,0,0,1,0,0,23,0,70,0]]",1,0,0,0,0,0.07696096634864807,0.8012752728462219,0,0.000006587390624999999,941,0.941
brief3_primary_vertical-strip_seed_20260809,20260809,recurrent,36,1568,1,16,vertical_strip,0.25,0.097,12.421539166036135,0.481350421977664,"[0.0,0.015873015873015872,0.0,0.018691588785046728,0.0,0.0,0.39080459770114945,0.0,0.6629213483146067,0.0]","[[0,0,0,0,0,0,52,0,12,21],[0,2,0,51,1,0,0,0,20,52],[0,19,0,28,0,0,12,0,51,6],[0,5,0,2,0,0,5,0,84,11],[0,0,0,0,0,0,42,0,68,0],[0,0,0,5,4,0,20,0,52,6],[0,0,0,8,3,0,34,0,31,11],[0,0,0,4,0,0,6,0,89,0],[0,0,0,14,1,0,13,0,59,2],[0,0,0,1,0,0,22,0,71,0]]",0,0,0,0,0,0.06075253385305405,2.0607135429382324,0,0.000006587390624999999,945,0.945
brief3_primary_vertical-strip_seed_20260809,20260809,recurrent,36,1568,1,32,vertical_strip,0.25,0.097,18.47246994584944,0.34029654214984034,"[0.0,0.015873015873015872,0.0,0.018691588785046728,0.0,0.0,0.39080459770114945,0.0,0.6629213483146067,0.0]","[[0,0,0,0,0,0,52,0,12,21],[0,2,0,51,1,0,0,0,18,54],[0,19,0,28,0,0,12,0,51,6],[0,5,0,2,0,0,5,0,84,11],[0,0,0,0,0,0,42,0,68,0],[0,0,0,5,4,0,20,0,52,6],[0,0,0,8,3,0,34,0,31,11],[0,0,0,4,0,0,6,0,89,0],[0,0,0,14,1,0,13,0,59,2],[0,0,0,1,0,0,23,0,70,0]]",0,0,0,0,0,0.03760961669683456,4.822603061676025,0,0.000006587390624999999,837,0.837
brief3_primary_horizontal-strip_seed_20260809,20260809,recurrent,36,1568,1,1,horizontal_strip,0.25,0.116,2.2824703538824,2.285433486777659,"[0.0,0.007936507936507936,0.4913793103448276,0.06542056074766354,0.0,0.0,0.011494252873563218,0.3939393939393939,0.12359550561797752,0.0]","[[0,1,32,29,0,0,10,0,7,6],[0,1,36,15,1,0,0,72,1,0],[0,7,57,32,0,0,2,14,2,2],[0,8,62,7,0,0,0,4,19,7],[0,2,3,4,0,0,10,39,51,1],[0,2,15,22,6,0,1,14,25,2],[0,3,37,36,3,0,1,3,4,0],[0,0,0,0,0,0,0,39,60,0],[0,0,21,28,0,0,3,26,11,0],[0,0,5,2,0,0,2,35,50,0]]",0,0,0,0,0,0.11224006688594818,0.13449692869186405,0,0.0000063993062499999995,0,0
brief3_primary_horizontal-strip_seed_20260809,20260809,recurrent,36,1568,1,2,horizontal_strip,0.25,0.116,2.289874999119113,2.2476103026348726,"[0.0,0.007936507936507936,0.4913793103448276,0.06542056074766354,0.0,0.0,0.011494252873563218,0.3939393939393939,0.12359550561797752,0.0]","[[0,1,32,28,0,0,11,0,7,6],[0,1,36,15,1,0,0,72,1,0],[0,7,57,32,0,0,2,14,3,1],[0,8,61,7,0,0,0,4,20,7],[0,2,3,4,0,0,11,38,51,1],[0,2,16,22,7,0,1,14,24,1],[0,3,37,36,3,0,1,3,4,0],[0,0,0,0,0,0,0,39,60,0],[0,0,21,28,0,0,3,26,11,0],[0,0,5,2,0,0,2,35,50,0]]",6,0,0,0,0,0.1087879645228386,0.22606744754314423,0,0.0000063993062499999995,994,0.994
brief3_primary_horizontal-strip_seed_20260809,20260809,recurrent,36,1568,1,4,horizontal_strip,0.25,0.116,2.409322113280087,2.0371433195891187,"[0.0,0.007936507936507936,0.4913793103448276,0.06542056074766354,0.0,0.0,0.011494252873563218,0.3939393939393939,0.12359550561797752,0.0]","[[0,1,32,28,0,0,11,0,7,6],[0,1,36,14,1,0,0,72,2,0],[0,7,57,32,0,0,2,14,3,1],[0,8,61,7,0,0,0,4,20,7],[0,2,3,4,0,0,11,38,51,1],[0,2,16,22,6,0,1,15,24,1],[0,3,37,36,3,0,1,3,4,0],[0,0,0,0,0,0,0,39,60,0],[0,0,21,28,0,0,3,26,11,0],[0,0,5,2,0,0,2,35,50,0]]",1,0,0,0,0,0.10257968634366987,0.46728419160842893,0,0.0000063993062499999995,999,0.999
brief3_primary_horizontal-strip_seed_20260809,20260809,recurrent,36,1568,1,8,horizontal_strip,0.25,0.116,3.3394431943260376,1.2937222638276469,"[0.0,0.007936507936507936,0.4913793103448276,0.06542056074766354,0.0,0.0,0.011494252873563218,0.3939393939393939,0.12359550561797752,0.0]","[[0,1,32,28,0,0,11,0,7,6],[0,1,36,13,1,0,0,73,2,0],[0,7,57,32,0,0,2,14,3,1],[0,8,61,7,0,0,0,4,20,7],[0,2,3,4,0,0,11,38,51,1],[0,2,16,22,6,0,1,15,24,1],[0,3,37,36,3,0,1,3,4,0],[0,0,0,0,0,0,0,39,60,0],[0,0,21,28,0,0,3,26,11,0],[0,0,5,2,0,0,2,35,50,0]]",0,0,0,0,0,0.0914344826936722,1.1354802389144898,0,0.0000063993062499999995,1000,1
brief3_primary_horizontal-strip_seed_20260809,20260809,recurrent,36,1568,1,16,horizontal_strip,0.25,0.116,7.177041054119524,0.43151981631121056,"[0.0,0.007936507936507936,0.4913793103448276,0.06542056074766354,0.0,0.0,0.011494252873563218,0.3939393939393939,0.12359550561797752,0.0]","[[0,1,32,28,0,0,11,0,7,6],[0,1,36,14,1,0,0,72,2,0],[0,7,57,32,0,0,1,14,4,1],[0,8,61,7,0,0,0,4,20,7],[0,2,3,4,0,0,11,38,51,1],[0,2,16,22,6,0,1,15,24,1],[0,3,37,36,3,0,1,3,4,0],[0,0,0,0,0,0,0,39,60,0],[0,0,21,28,0,0,3,26,11,0],[0,0,5,2,0,0,2,35,50,0]]",1,0,0,0,0,0.07238044410943985,2.919279607772827,0,0.0000063993062499999995,999,0.999
brief3_primary_horizontal-strip_seed_20260809,20260809,recurrent,36,1568,1,32,horizontal_strip,0.25,0.117,15.152836750008076,0.13650351069959307,"[0.0,0.007936507936507936,0.5,0.06542056074766354,0.0,0.0,0.011494252873563218,0.3939393939393939,0.12359550561797752,0.0]","[[0,1,32,28,0,0,11,0,7,6],[0,1,36,14,1,0,0,72,2,0],[0,7,58,31,0,0,1,14,4,1],[0,8,61,7,0,0,0,4,20,7],[0,2,3,4,0,0,11,38,51,1],[0,2,16,22,7,0,1,14,24,1],[0,3,37,36,3,0,1,3,4,0],[0,0,0,0,0,0,0,39,60,0],[0,0,21,28,0,0,3,26,11,0],[0,0,5,2,0,0,2,35,50,0]]",0,0,0,0,0,0.04496409353613853,6.8461980056762695,0,0.0000063993062499999995,985,0.985
brief3_primary_central-block_seed_20260809,20260809,recurrent,36,1568,1,1,central_block,0.25,0.102,2.2987240067612595,2.281943951830972,"[0.0,0.007936507936507936,0.5431034482758621,0.09345794392523364,0.06363636363636363,0.0,0.011494252873563218,0.0,0.0,0.2127659574468085]","[[0,0,16,21,0,0,2,0,0,46],[0,1,68,56,1,0,0,0,0,0],[0,7,63,37,0,0,2,0,0,7],[0,9,71,10,0,0,1,0,0,16],[0,9,26,30,7,2,23,0,0,13],[0,3,18,26,23,0,3,0,0,14],[0,1,28,34,3,0,1,0,0,20],[0,6,12,12,1,0,7,0,0,61],[0,3,33,44,3,0,1,0,0,5],[0,0,20,31,0,0,23,0,0,20]]",0,0,0,0,0,0.08045412319898605,0.06839140313863755,0,0.000006555924999999999,0,0
brief3_primary_central-block_seed_20260809,20260809,recurrent,36,1568,1,2,central_block,0.25,0.099,2.3221520454822073,2.234642734632315,"[0.0,0.007936507936507936,0.5431034482758621,0.09345794392523364,0.06363636363636363,0.0,0.011494252873563218,0.0,0.0,0.18085106382978725]","[[0,0,16,21,0,0,3,0,0,45],[0,1,68,56,1,0,0,0,0,0],[0,7,63,37,0,0,2,0,0,7],[0,9,71,10,0,0,1,0,0,16],[0,9,27,29,7,2,23,0,0,13],[0,3,18,26,26,0,4,0,0,10],[0,1,28,34,3,0,1,0,0,20],[0,13,11,12,3,4,11,0,0,45],[0,3,33,44,3,0,1,0,0,5],[0,0,21,30,1,0,25,0,0,17]]",27,0,3,0,0.029411764705882353,0.07802323919534683,0.11525612443685532,0,0.000006555924999999999,936,0.936
brief3_primary_central-block_seed_20260809,20260809,recurrent,36,1568,1,4,central_block,0.25,0.086,2.5048857655445973,1.9928724856802196,"[0.0,0.007936507936507936,0.5431034482758621,0.09345794392523364,0.06363636363636363,0.0,0.011494252873563218,0.0,0.0,0.0425531914893617]","[[0,0,16,21,0,0,3,0,0,45],[0,1,69,55,1,0,0,0,0,0],[0,7,63,37,0,0,2,0,0,7],[0,9,71,10,0,0,2,0,0,15],[0,10,26,29,7,2,23,0,0,13],[0,3,18,26,26,0,4,0,0,10],[0,1,28,34,3,0,1,0,0,20],[0,15,12,12,3,5,17,0,9,26],[0,3,33,44,3,0,1,0,0,5],[0,0,25,27,1,0,24,0,13,4]]",27,0,13,0,0.13131313131313133,0.07357469993829727,0.23890259802341465,0,0.000006555924999999999,955,0.955
brief3_primary_central-block_seed_20260809,20260809,recurrent,36,1568,1,8,central_block,0.25,0.085,3.597248973166939,1.3854854196748003,"[0.0,0.007936507936507936,0.5344827586206896,0.09345794392523364,0.06363636363636363,0.0,0.011494252873563218,0.0,0.0,0.0425531914893617]","[[0,0,16,21,0,0,3,0,0,45],[0,1,69,55,1,0,0,0,0,0],[0,7,62,37,0,0,2,0,0,8],[0,9,71,10,0,0,2,0,0,15],[0,10,26,29,7,2,23,0,0,13],[0,3,17,26,26,0,4,0,0,11],[0,1,28,33,3,0,1,0,0,21],[0,15,13,12,2,5,17,0,9,26],[0,3,33,44,3,0,1,0,0,5],[0,0,28,24,1,0,24,0,13,4]]",2,0,0,0,0,0.06550905966758729,0.5815932564735412,0,0.000006555924999999999,964,0.964
brief3_primary_central-block_seed_20260809,20260809,recurrent,36,1568,1,16,central_block,0.25,0.085,7.419276098189532,0.8538813671508118,"[0.0,0.007936507936507936,0.5344827586206896,0.08411214953271028,0.06363636363636363,0.0,0.011494252873563218,0.0,0.0,0.05319148936170213]","[[0,0,16,21,0,0,2,0,0,46],[0,1,69,55,1,0,0,0,0,0],[0,7,62,37,0,0,2,0,0,8],[0,9,72,9,0,0,2,0,0,15],[0,11,26,29,7,2,23,0,0,12],[0,3,17,27,25,0,4,0,0,11],[0,1,28,33,3,0,1,0,0,21],[0,15,15,11,2,5,16,0,9,26],[0,3,34,43,3,0,1,0,0,5],[0,0,33,20,1,0,22,0,13,5]]",1,0,0,0,0,0.05174527576565743,1.495187243461609,0,0.000006555924999999999,976,0.976
brief3_primary_central-block_seed_20260809,20260809,recurrent,36,1568,1,32,central_block,0.25,0.088,13.188686846549478,0.6193928301048516,"[0.0,0.007936507936507936,0.5517241379310345,0.08411214953271028,0.06363636363636363,0.0,0.011494252873563218,0.010101010101010102,0.0,0.05319148936170213]","[[0,0,16,21,0,0,2,0,0,46],[0,1,69,55,1,0,0,0,0,0],[0,7,64,36,0,0,2,0,0,7],[0,9,72,9,0,0,2,0,0,15],[0,10,26,30,7,2,23,0,0,12],[0,3,16,29,24,0,4,0,0,11],[0,1,28,33,3,0,1,0,0,21],[0,15,15,10,3,6,16,1,8,25],[0,3,35,42,3,0,1,0,0,5],[0,0,34,20,1,0,21,0,13,5]]",0,0,0,0,0,0.032069159626960754,3.5005225830078124,0,0.000006555924999999999,950,0.95
brief3_primary_random-patches_seed_20260809,20260809,recurrent,36,1568,1,1,random_patches,0.25,0.076,2.3633988827262735,2.2311844445174227,"[0.0,0.0,0.12931034482758622,0.009345794392523364,0.0,0.0,0.19540229885057472,0.18181818181818185,0.2808988764044944,0.0]","[[0,1,5,1,0,0,40,2,13,23],[0,0,5,3,0,0,0,113,5,0],[0,4,15,12,0,0,4,46,34,1],[1,2,18,1,0,0,2,25,54,4],[0,0,0,0,0,0,25,26,59,0],[0,0,2,4,0,0,9,30,38,4],[0,0,3,7,0,0,17,21,29,10],[0,0,0,0,0,0,1,18,80,0],[0,0,1,3,0,0,5,54,25,1],[0,0,0,1,0,0,10,25,58,0]]",0,0,0,0,0,0.12021260726451874,0.153381653547287,0,0.000006461212500000001,0,0
brief3_primary_random-patches_seed_20260809,20260809,recurrent,36,1568,1,2,random_patches,0.25,0.076,2.491454445689081,2.077719938696233,"[0.0,0.0,0.12931034482758622,0.009345794392523364,0.0,0.0,0.19540229885057472,0.18181818181818185,0.2808988764044944,0.0]","[[0,1,4,1,0,0,41,2,13,23],[0,0,5,3,0,0,0,113,5,0],[0,4,15,12,0,0,4,45,35,1],[1,2,19,1,0,0,2,24,54,4],[0,0,0,0,0,0,25,26,59,0],[0,0,2,4,0,0,9,30,38,4],[0,0,3,7,0,0,17,21,29,10],[0,0,0,0,0,0,1,18,80,0],[0,0,1,3,0,0,5,54,25,1],[0,0,0,1,0,0,10,25,58,0]]",3,0,0,0,0,0.1165468207001686,0.25817594075202943,0,0.000006461212500000001,997,0.997
brief3_primary_random-patches_seed_20260809,20260809,recurrent,36,1568,1,4,random_patches,0.25,0.076,3.1721694084666057,1.4699422111482026,"[0.0,0.0,0.12931034482758622,0.009345794392523364,0.0,0.0,0.19540229885057472,0.18181818181818185,0.2808988764044944,0.0]","[[0,1,4,1,0,0,41,2,13,23],[0,0,5,3,0,0,0,113,5,0],[0,4,15,12,0,0,4,45,35,1],[1,2,19,1,0,0,2,24,54,4],[0,0,0,0,0,0,25,26,59,0],[0,0,2,4,0,0,9,30,38,4],[0,0,3,7,0,0,17,21,29,10],[0,0,0,0,0,0,1,18,80,0],[0,0,1,3,0,0,5,54,25,1],[0,0,0,1,0,0,10,25,58,0]]",0,0,0,0,0,0.1098933835029602,0.5344402256011963,0,0.000006461212500000001,1000,1
brief3_primary_random-patches_seed_20260809,20260809,recurrent,36,1568,1,8,random_patches,0.25,0.077,6.2060875064037955,0.5660549502140215,"[0.0,0.0,0.12931034482758622,0.009345794392523364,0.0,0.0,0.19540229885057472,0.1919191919191919,0.2808988764044944,0.0]","[[0,1,4,1,0,0,41,2,13,23],[0,0,5,3,0,0,0,113,5,0],[0,4,15,12,0,0,4,45,35,1],[1,2,18,1,0,0,2,24,55,4],[0,0,0,0,0,0,25,26,59,0],[0,0,2,4,0,0,9,30,38,4],[0,0,3,7,0,0,17,21,29,10],[0,0,0,0,0,0,1,19,79,0],[0,0,1,3,0,0,5,54,25,1],[0,0,0,1,0,0,10,25,58,0]]",0,0,0,0,0,0.09788590288162231,1.2998398761749268,0,0.000006461212500000001,1000,1
brief3_primary_random-patches_seed_20260809,20260809,recurrent,36,1568,1,16,random_patches,0.25,0.078,14.83960991577213,0.18223175733043623,"[0.0,0.0,0.12931034482758622,0.009345794392523364,0.0,0.0,0.20689655172413793,0.1919191919191919,0.2808988764044944,0.0]","[[0,1,4,1,0,0,41,2,13,23],[0,0,5,3,0,0,0,113,5,0],[0,4,15,12,0,0,4,45,35,1],[1,2,18,1,0,0,2,24,55,4],[0,0,0,0,0,0,24,26,60,0],[0,0,2,4,0,0,9,30,38,4],[0,0,3,7,0,0,18,21,28,10],[0,0,0,0,0,0,1,19,79,0],[0,0,1,3,0,0,5,54,25,1],[0,0,0,1,0,0,10,25,58,0]]",0,0,0,0,0,0.07738791531324386,3.34132141494751,0,0.000006461212500000001,999,0.999
brief3_primary_random-patches_seed_20260809,20260809,recurrent,36,1568,1,32,random_patches,0.25,0.078,22.143541385544697,0.0738549421193017,"[0.0,0.0,0.13793103448275862,0.009345794392523364,0.0,0.0,0.19540229885057472,0.1919191919191919,0.2808988764044944,0.0]","[[0,1,4,1,0,0,41,2,13,23],[0,0,5,3,0,0,0,113,5,0],[0,4,16,11,0,0,4,45,35,1],[1,2,19,1,0,0,2,24,54,4],[0,0,0,0,0,0,24,26,60,0],[0,0,2,4,0,0,8,31,38,4],[0,0,3,7,0,0,17,21,29,10],[0,0,0,0,0,0,1,19,79,0],[0,0,1,3,0,0,5,54,25,1],[0,0,0,1,0,0,10,25,58,0]]",0,0,0,0,0,0.04800405552983284,7.827805625915527,0,0.000006461212500000001,834,0.834
brief3_primary_clean_seed_20260810,20260810,recurrent,36,1568,1,1,clean,0,0.07,2.3933796537019676,2.195514501029417,"[0.0,0.0,0.10344827586206896,0.009345794392523364,0.0,0.0,0.21839080459770116,0.18181818181818185,0.2247191011235955,0.0]","[[0,0,2,1,0,0,50,1,11,20],[0,0,1,0,0,0,0,123,2,0],[0,1,12,9,0,0,2,49,43,0],[0,2,14,1,0,0,2,24,56,8],[0,0,0,0,0,0,12,30,68,0],[0,0,1,0,0,0,8,31,43,4],[0,0,5,1,0,0,19,29,28,5],[0,0,0,0,0,0,2,18,79,0],[0,0,0,0,0,0,2,67,20,0],[0,0,0,0,0,0,1,28,65,0]]",0,0,0,0,0,0.14079006934165955,0.21450873303413392,0,0.0000063812625,0,0
brief3_primary_clean_seed_20260810,20260810,recurrent,36,1568,1,2,clean,0,0.069,2.5813262728482504,1.9808746212777484,"[0.0,0.0,0.10344827586206896,0.009345794392523364,0.0,0.0,0.20689655172413793,0.18181818181818185,0.2247191011235955,0.0]","[[0,0,3,1,0,0,50,1,11,19],[0,0,1,0,0,0,0,123,2,0],[0,1,12,9,0,0,2,49,43,0],[0,2,14,1,0,0,1,24,57,8],[0,0,0,0,0,0,12,30,68,0],[0,0,1,0,0,0,8,31,43,4],[0,0,5,3,0,0,18,29,27,5],[0,0,0,0,0,0,2,18,79,0],[0,0,0,0,0,0,2,67,20,0],[0,0,0,0,0,0,1,28,65,0]]",4,0,1,0,0.014285714285714284,0.1365237331390381,0.3595377485752106,0,0.0000063812625,996,0.996
brief3_primary_clean_seed_20260810,20260810,recurrent,36,1568,1,4,clean,0,0.07,3.5238064607913153,1.24074004494955,"[0.0,0.0,0.10344827586206896,0.009345794392523364,0.0,0.0,0.21839080459770116,0.18181818181818185,0.2247191011235955,0.0]","[[0,0,3,1,0,0,50,1,11,19],[0,0,1,0,0,0,0,123,2,0],[0,1,12,9,0,0,2,49,43,0],[0,2,14,1,0,0,1,24,57,8],[0,0,0,0,0,0,12,30,68,0],[0,0,1,0,0,0,8,31,43,4],[0,0,5,3,0,0,19,28,27,5],[0,0,0,0,0,0,2,18,79,0],[0,0,0,0,0,0,2,67,20,0],[0,0,0,0,0,0,1,28,65,0]]",0,0,0,0,0,0.12893855512142183,0.7415113010406494,0,0.0000063812625,1000,1
brief3_primary_clean_seed_20260810,20260810,recurrent,36,1568,1,8,clean,0,0.072,7.389191812879547,0.39924638661129297,"[0.0,0.0,0.11206896551724138,0.009345794392523364,0.0,0.0,0.21839080459770116,0.1919191919191919,0.2247191011235955,0.0]","[[0,0,3,1,0,0,52,1,11,17],[0,0,1,0,0,0,0,123,2,0],[0,1,13,9,0,0,1,49,43,0],[0,2,14,1,0,0,1,24,57,8],[0,0,0,0,0,0,12,30,68,0],[0,0,1,0,0,0,8,31,43,4],[0,0,5,3,0,0,19,28,27,5],[0,0,0,0,0,0,2,19,78,0],[0,0,0,0,0,0,2,67,20,0],[0,0,0,0,0,0,1,28,65,0]]",1,0,0,0,0,0.11522970706224442,1.801222686767578,0,0.0000063812625,998,0.998
brief3_primary_clean_seed_20260810,20260810,recurrent,36,1568,1,16,clean,0,0.071,17.60926387693107,0.13623345255323913,"[0.0,0.0,0.11206896551724138,0.009345794392523364,0.0,0.0,0.20689655172413793,0.1919191919191919,0.2247191011235955,0.0]","[[0,0,2,1,0,0,51,1,11,19],[0,0,1,0,0,0,0,123,2,0],[0,1,13,10,0,0,1,48,43,0],[0,2,14,1,0,0,1,24,57,8],[0,0,0,0,0,0,12,31,67,0],[0,0,1,0,0,0,8,31,43,4],[0,0,5,3,0,0,18,29,27,5],[0,0,0,0,0,0,2,19,78,0],[0,0,0,0,0,0,2,67,20,0],[0,0,0,0,0,0,1,29,64,0]]",1,0,0,0,0,0.09147619372606278,4.639079765319824,0,0.0000063812625,996,0.996
brief3_primary_clean_seed_20260810,20260810,recurrent,36,1568,1,32,clean,0,0.07,23.836267128151295,0.059250235917435376,"[0.0,0.0,0.10344827586206896,0.009345794392523364,0.0,0.0,0.21839080459770116,0.18181818181818185,0.2247191011235955,0.0]","[[0,0,2,1,0,0,52,1,11,18],[0,0,1,0,0,0,0,123,2,0],[0,1,12,9,0,0,2,48,44,0],[0,2,14,1,0,0,1,24,57,8],[0,0,0,0,0,0,12,31,67,0],[0,0,1,0,0,0,8,31,43,4],[0,0,5,1,0,0,19,29,28,5],[0,0,0,0,0,0,2,18,79,0],[0,0,0,0,0,0,2,67,20,0],[0,0,0,0,0,0,1,29,64,0]]",0,0,0,0,0,0.05696726727485657,10.91016731262207,0,0.0000063812625,813,0.813
brief3_primary_gaussian-010_seed_20260810,20260810,recurrent,36,1568,1,1,gaussian,0.1,0.071,2.383721946561521,2.207255103471411,"[0.0,0.0,0.1206896551724138,0.009345794392523364,0.0,0.0,0.19540229885057472,0.18181818181818185,0.23595505617977527,0.0]","[[0,0,3,1,0,0,48,1,11,21],[0,0,1,0,0,0,0,122,3,0],[0,1,14,8,0,0,2,46,45,0],[0,2,16,1,0,0,1,25,56,6],[0,0,0,0,0,0,14,31,65,0],[0,0,1,0,0,0,9,30,43,4],[0,0,6,2,0,0,17,32,26,4],[0,0,0,0,0,0,2,18,79,0],[0,0,0,0,0,0,2,66,21,0],[0,0,0,0,0,0,1,29,64,0]]",0,0,0,0,0,0.14068695640563963,0.21467194616794583,0,0.000006307071874999999,0,0
brief3_primary_gaussian-010_seed_20260810,20260810,recurrent,36,1568,1,2,gaussian,0.1,0.071,2.551432029908965,2.013862219091814,"[0.0,0.0,0.1206896551724138,0.009345794392523364,0.0,0.0,0.19540229885057472,0.18181818181818185,0.23595505617977527,0.0]","[[0,0,3,1,0,0,48,1,11,21],[0,0,1,0,0,0,0,122,3,0],[0,2,14,9,0,0,2,46,43,0],[0,2,17,1,0,0,1,25,55,6],[0,0,0,0,0,0,14,31,65,0],[0,0,1,1,0,0,8,31,42,4],[0,0,6,2,0,0,17,32,26,4],[0,0,0,0,0,0,2,18,79,0],[0,0,0,0,0,0,2,66,21,0],[0,0,0,0,0,0,1,30,63,0]]",6,0,0,0,0,0.13634062099456787,0.35950088572502137,0,0.000006307071874999999,994,0.994
brief3_primary_gaussian-010_seed_20260810,20260810,recurrent,36,1568,1,4,gaussian,0.1,0.071,3.4081589184148973,1.3052774491614167,"[0.0,0.0,0.1206896551724138,0.009345794392523364,0.0,0.0,0.19540229885057472,0.18181818181818185,0.23595505617977527,0.0]","[[0,0,3,1,0,0,49,1,11,20],[0,0,1,0,0,0,0,122,3,0],[0,2,14,9,0,0,2,46,43,0],[0,2,16,1,0,0,1,25,55,7],[0,0,0,0,0,0,14,31,65,0],[0,0,1,1,0,0,8,31,42,4],[0,0,6,2,0,0,17,31,27,4],[0,0,0,0,0,0,2,18,79,0],[0,0,0,0,0,0,2,66,21,0],[0,0,0,0,0,0,1,30,63,0]]",0,0,0,0,0,0.12865598380565643,0.7404543514251709,0,0.000006307071874999999,1000,1
brief3_primary_gaussian-010_seed_20260810,20260810,recurrent,36,1568,1,8,gaussian,0.1,0.071,7.034380451249365,0.42545429948399494,"[0.0,0.0,0.1206896551724138,0.009345794392523364,0.0,0.0,0.19540229885057472,0.18181818181818185,0.23595505617977527,0.0]","[[0,0,3,1,0,0,48,1,11,21],[0,0,1,0,0,0,0,122,3,0],[0,2,14,9,0,0,2,46,43,0],[0,2,16,1,0,0,1,25,55,7],[0,0,0,0,0,0,14,32,64,0],[0,0,1,0,0,0,8,31,43,4],[0,0,6,2,0,0,17,31,27,4],[0,0,0,0,0,0,2,18,79,0],[0,0,0,0,0,0,2,66,21,0],[0,0,0,0,0,0,1,29,64,0]]",1,0,0,0,0,0.11489788562059404,1.7956359081268312,0,0.000006307071874999999,999,0.999
brief3_primary_gaussian-010_seed_20260810,20260810,recurrent,36,1568,1,16,gaussian,0.1,0.071,17.000947900155936,0.14672568600163208,"[0.0,0.0,0.1206896551724138,0.009345794392523364,0.0,0.0,0.19540229885057472,0.18181818181818185,0.23595505617977527,0.0]","[[0,0,3,1,0,0,48,1,11,21],[0,0,1,0,0,0,0,122,3,0],[0,2,14,9,0,0,2,46,43,0],[0,2,16,1,0,0,1,25,55,7],[0,0,0,0,0,0,14,32,64,0],[0,0,1,0,0,0,9,30,43,4],[0,0,6,2,0,0,17,31,27,4],[0,0,0,0,0,0,2,18,79,0],[0,0,0,0,0,0,2,66,21,0],[0,0,0,0,0,0,1,29,64,0]]",0,0,0,0,0,0.09124263656139374,4.618049289703369,0,0.000006307071874999999,1000,1
brief3_primary_gaussian-010_seed_20260810,20260810,recurrent,36,1568,1,32,gaussian,0.1,0.071,23.706754760842273,0.0653488456900707,"[0.0,0.0,0.1206896551724138,0.009345794392523364,0.0,0.0,0.19540229885057472,0.18181818181818185,0.23595505617977527,0.0]","[[0,0,3,1,0,0,48,1,11,21],[0,0,1,0,0,0,0,122,3,0],[0,2,14,9,0,0,2,46,43,0],[0,2,16,1,0,0,1,25,55,7],[0,0,0,0,0,0,14,32,64,0],[0,0,1,0,0,0,9,30,43,4],[0,0,6,2,0,0,17,31,27,4],[0,0,0,0,0,0,2,18,79,0],[0,0,0,0,0,0,2,66,21,0],[0,0,0,0,0,0,1,29,64,0]]",0,0,0,0,0,0.05696349489688873,10.85835287475586,0,0.000006307071874999999,841,0.841
brief3_primary_gaussian-020_seed_20260810,20260810,recurrent,36,1568,1,1,gaussian,0.2,0.066,2.373620075605519,2.219509870510655,"[0.0,0.0,0.1206896551724138,0.0,0.0,0.0,0.1724137931034483,0.16161616161616163,0.23595505617977527,0.0]","[[0,0,3,1,0,0,47,0,12,22],[0,0,1,0,0,0,0,122,3,0],[0,1,14,7,0,0,4,43,46,1],[0,1,16,0,0,0,1,25,58,6],[0,0,0,0,0,0,15,35,60,0],[0,0,0,2,0,0,7,30,44,4],[0,0,6,2,0,0,15,31,26,7],[0,0,0,0,0,0,2,16,81,0],[0,0,0,0,0,0,2,66,21,0],[0,0,0,0,0,0,2,30,62,0]]",0,0,0,0,0,0.146620960354805,0.2331586264371872,0,0.00000686939375,0,0
brief3_primary_gaussian-020_seed_20260810,20260810,recurrent,36,1568,1,2,gaussian,0.2,0.067,2.5202394475761856,2.0490245499668043,"[0.0,0.0,0.1206896551724138,0.0,0.0,0.0,0.1839080459770115,0.16161616161616163,0.23595505617977527,0.0]","[[0,0,3,1,0,0,47,0,12,22],[0,0,1,0,0,0,0,122,3,0],[0,1,14,7,0,0,4,43,46,1],[0,1,17,0,0,0,1,25,57,6],[0,0,0,0,0,0,15,35,60,0],[0,0,0,2,0,0,7,30,44,4],[0,0,6,2,0,0,16,31,25,7],[0,0,0,0,0,0,2,16,81,0],[0,0,0,0,0,0,2,66,21,0],[0,0,0,0,0,0,2,30,62,0]]",2,1,0,0.0010706638115631692,0,0.14197159898281098,0.3902542750835419,0,0.00000686939375,998,0.998
brief3_primary_gaussian-020_seed_20260810,20260810,recurrent,36,1568,1,4,gaussian,0.2,0.067,3.2840597902548465,1.3822692136044292,"[0.0,0.0,0.1206896551724138,0.0,0.0,0.0,0.1839080459770115,0.16161616161616163,0.23595505617977527,0.0]","[[0,0,3,1,0,0,47,0,12,22],[0,0,1,0,0,0,0,122,3,0],[0,2,14,7,0,0,4,43,45,1],[0,1,16,0,0,0,1,25,58,6],[0,0,0,0,0,0,15,35,60,0],[0,0,0,2,0,0,7,30,44,4],[0,0,6,2,0,0,16,31,25,7],[0,0,0,0,0,0,2,16,81,0],[0,0,0,0,0,0,2,66,21,0],[0,0,0,0,0,0,2,30,62,0]]",1,0,0,0,0,0.13376753437519073,0.8027946672439575,0,0.00000686939375,999,0.999
brief3_primary_gaussian-020_seed_20260810,20260810,recurrent,36,1568,1,8,gaussian,0.2,0.067,6.642627079877738,0.4587742105111587,"[0.0,0.0,0.1206896551724138,0.0,0.0,0.0,0.1839080459770115,0.16161616161616163,0.23595505617977527,0.0]","[[0,0,3,1,0,0,47,0,12,22],[0,0,1,0,0,0,0,122,3,0],[0,2,14,7,0,0,4,43,45,1],[0,1,18,0,0,0,1,25,57,5],[0,0,0,0,0,0,16,35,59,0],[0,0,0,2,0,0,7,29,45,4],[0,0,6,2,0,0,16,31,25,7],[0,0,0,0,0,0,2,16,81,0],[0,0,0,0,0,0,2,66,21,0],[0,0,0,0,0,0,2,30,62,0]]",2,0,0,0,0,0.1192474210858345,1.942643328666687,0,0.00000686939375,998,0.998
brief3_primary_gaussian-020_seed_20260810,20260810,recurrent,36,1568,1,16,gaussian,0.2,0.067,16.24040237945132,0.15249871951264035,"[0.0,0.0,0.1206896551724138,0.0,0.0,0.0,0.1839080459770115,0.16161616161616163,0.23595505617977527,0.0]","[[0,0,3,1,0,0,48,0,12,21],[0,0,1,0,0,0,0,122,3,0],[0,2,14,7,0,0,4,43,45,1],[0,1,17,0,0,0,1,25,58,5],[0,0,0,0,0,0,16,35,59,0],[0,0,0,2,0,0,7,29,45,4],[0,0,6,2,0,0,16,31,25,7],[0,0,0,0,0,0,2,16,81,0],[0,0,0,0,0,0,2,66,21,0],[0,0,0,0,0,0,2,30,62,0]]",1,0,0,0,0,0.09456783711910248,4.984047374725342,0,0.00000686939375,999,0.999
brief3_primary_gaussian-020_seed_20260810,20260810,recurrent,36,1568,1,32,gaussian,0.2,0.067,23.531062622288253,0.06532249631177729,"[0.0,0.0,0.1206896551724138,0.0,0.0,0.0,0.1839080459770115,0.16161616161616163,0.23595505617977527,0.0]","[[0,0,3,1,0,0,48,0,12,21],[0,0,1,0,0,0,0,122,3,0],[0,2,14,7,0,0,4,43,45,1],[0,1,17,0,0,0,1,25,58,5],[0,0,0,0,0,0,15,35,60,0],[0,0,0,2,0,0,7,29,45,4],[0,0,6,2,0,0,16,31,25,7],[0,0,0,0,0,0,2,16,81,0],[0,0,0,0,0,0,2,66,21,0],[0,0,0,0,0,0,2,30,62,0]]",0,0,0,0,0,0.05896621209383011,11.69703596496582,0,0.00000686939375,881,0.881
brief3_primary_gaussian-030_seed_20260810,20260810,recurrent,36,1568,1,1,gaussian,0.3,0.064,2.3645470732636937,2.2309887254777467,"[0.0,0.0,0.11206896551724138,0.009345794392523364,0.0,0.0,0.13793103448275862,0.16161616161616163,0.24719101123595505,0.0]","[[0,0,4,1,0,0,43,0,13,24],[0,0,2,1,0,0,0,118,5,0],[0,1,13,9,0,0,3,43,46,1],[0,1,17,1,0,0,1,26,57,4],[0,0,0,0,0,0,16,34,60,0],[0,0,0,2,0,0,7,30,44,4],[0,0,8,4,0,0,12,31,25,7],[0,0,0,1,0,0,2,16,80,0],[0,0,0,0,0,0,1,65,22,1],[0,0,0,0,0,0,3,27,64,0]]",0,0,0,0,0,0.1581468470096588,0.2706281418800354,0,0.000006129953125,0,0
brief3_primary_gaussian-030_seed_20260810,20260810,recurrent,36,1568,1,2,gaussian,0.3,0.065,2.49156824664774,2.0830623783271296,"[0.0,0.0,0.1206896551724138,0.009345794392523364,0.0,0.0,0.13793103448275862,0.16161616161616163,0.24719101123595505,0.0]","[[0,0,4,1,0,0,43,0,13,24],[0,0,2,1,0,0,0,118,5,0],[0,1,14,9,0,0,3,43,45,1],[0,1,17,1,0,0,1,26,57,4],[0,0,0,0,0,0,16,34,60,0],[0,0,0,2,0,0,7,30,44,4],[0,0,8,4,0,0,12,31,25,7],[0,0,0,1,0,0,2,16,80,0],[0,0,1,0,0,0,1,64,22,1],[0,0,0,0,0,0,3,27,64,0]]",2,1,0,0.0010683760683760685,0,0.1530535502433777,0.45305888199806216,0,0.000006129953125,998,0.998
brief3_primary_gaussian-030_seed_20260810,20260810,recurrent,36,1568,1,4,gaussian,0.3,0.065,3.163697037488944,1.4677381588395422,"[0.0,0.0,0.1206896551724138,0.009345794392523364,0.0,0.0,0.13793103448275862,0.16161616161616163,0.24719101123595505,0.0]","[[0,0,4,1,0,0,43,0,13,24],[0,0,2,1,0,0,0,118,5,0],[0,1,14,9,0,0,3,43,45,1],[0,1,18,1,0,0,1,26,56,4],[0,0,0,0,0,0,16,34,60,0],[0,0,0,2,0,0,7,30,44,4],[0,0,8,4,0,0,12,31,25,7],[0,0,0,1,0,0,2,16,80,0],[0,0,1,0,0,0,1,64,22,1],[0,0,0,0,0,0,3,27,64,0]]",0,0,0,0,0,0.14405776381492616,0.9317779350280762,0,0.000006129953125,1000,1
brief3_primary_gaussian-030_seed_20260810,20260810,recurrent,36,1568,1,8,gaussian,0.3,0.064,6.2416260618985175,0.5035597239724005,"[0.0,0.0,0.1206896551724138,0.009345794392523364,0.0,0.0,0.1264367816091954,0.16161616161616163,0.24719101123595505,0.0]","[[0,0,4,1,0,0,43,0,13,24],[0,0,2,1,0,0,0,118,5,0],[0,1,14,9,0,0,3,43,45,1],[0,1,17,1,0,0,1,25,58,4],[0,0,0,0,0,0,16,34,60,0],[0,0,0,2,0,0,7,30,44,4],[0,0,8,4,0,0,11,31,25,8],[0,0,0,1,0,0,2,16,80,0],[0,0,1,0,0,0,1,64,22,1],[0,0,0,0,0,0,3,28,63,0]]",1,0,0,0,0,0.12825418996810914,2.25275849533081,0,0.000006129953125,999,0.999
brief3_primary_gaussian-030_seed_20260810,20260810,recurrent,36,1568,1,16,gaussian,0.3,0.064,15.351971663297608,0.1590877523870086,"[0.0,0.0,0.1206896551724138,0.009345794392523364,0.0,0.0,0.1264367816091954,0.16161616161616163,0.24719101123595505,0.0]","[[0,0,4,1,0,0,43,0,13,24],[0,0,2,1,0,0,0,118,5,0],[0,1,14,9,0,0,3,43,45,1],[0,1,17,1,0,0,1,26,57,4],[0,0,0,0,0,0,16,33,61,0],[0,0,0,2,0,0,7,30,44,4],[0,0,8,4,0,0,11,31,25,8],[0,0,0,1,0,0,2,16,80,0],[0,0,0,0,0,0,1,65,22,1],[0,0,0,0,0,0,3,28,63,0]]",0,0,0,0,0,0.10161906266212464,5.77261954498291,0,0.000006129953125,1000,1
brief3_primary_gaussian-030_seed_20260810,20260810,recurrent,36,1568,1,32,gaussian,0.3,0.065,23.293622167190183,0.07025682918471797,"[0.0,0.0,0.1206896551724138,0.009345794392523364,0.0,0.0,0.13793103448275862,0.16161616161616163,0.24719101123595505,0.0]","[[0,0,4,1,0,0,43,0,13,24],[0,0,2,1,0,0,0,118,5,0],[0,1,14,9,0,0,3,43,45,1],[0,1,17,1,0,0,1,26,57,4],[0,0,0,0,0,0,16,33,61,0],[0,0,0,2,0,0,7,30,44,4],[0,0,8,4,0,0,12,31,25,7],[0,0,0,1,0,0,2,16,80,0],[0,0,0,0,0,0,1,65,22,1],[0,0,0,0,0,0,3,28,63,0]]",0,0,0,0,0,0.06333882319927216,13.534213439941407,0,0.000006129953125,897,0.897
brief3_primary_gaussian-040_seed_20260810,20260810,recurrent,36,1568,1,1,gaussian,0.4,0.065,2.3570855923614884,2.241122130122317,"[0.0,0.0,0.1206896551724138,0.009345794392523364,0.0,0.0,0.1264367816091954,0.18181818181818185,0.23595505617977527,0.0]","[[0,0,4,3,0,0,42,0,11,25],[0,0,1,2,1,0,0,113,9,0],[0,1,14,11,0,0,3,43,44,0],[0,2,18,1,0,0,1,26,54,5],[0,0,0,0,0,0,15,34,60,1],[0,0,0,3,0,0,7,28,45,4],[0,0,7,3,1,0,11,29,27,9],[0,0,0,1,0,0,2,18,78,0],[0,0,1,0,0,0,1,64,21,2],[0,0,0,0,0,0,5,30,59,0]]",0,0,0,0,0,0.17334349381923675,0.32400104236602784,0,0.00000604183125,0,0
brief3_primary_gaussian-040_seed_20260810,20260810,recurrent,36,1568,1,2,gaussian,0.4,0.065,2.4669957861864096,2.1142822677023343,"[0.0,0.0,0.1206896551724138,0.009345794392523364,0.0,0.0,0.1264367816091954,0.18181818181818185,0.23595505617977527,0.0]","[[0,0,4,3,0,0,43,0,10,25],[0,0,2,2,1,0,0,112,9,0],[0,1,14,11,0,0,3,43,44,0],[0,2,18,1,0,0,1,26,54,5],[0,0,0,0,0,0,15,34,60,1],[0,0,0,3,0,0,7,28,45,4],[0,0,7,3,1,0,11,29,27,9],[0,0,0,1,0,0,2,18,78,0],[0,0,1,0,0,0,1,64,21,2],[0,0,0,0,0,0,5,30,59,0]]",2,0,0,0,0,0.16775507020950317,0.54282275390625,0,0.00000604183125,998,0.998
brief3_primary_gaussian-040_seed_20260810,20260810,recurrent,36,1568,1,4,gaussian,0.4,0.065,3.05297891936764,1.5587690762130058,"[0.0,0.0,0.1206896551724138,0.009345794392523364,0.0,0.0,0.1264367816091954,0.18181818181818185,0.23595505617977527,0.0]","[[0,0,5,3,0,0,42,0,10,25],[0,0,2,2,1,0,0,112,9,0],[0,1,14,11,0,0,3,43,44,0],[0,2,18,1,0,0,1,26,54,5],[0,0,0,0,0,0,15,33,61,1],[0,0,0,3,0,0,7,28,45,4],[0,0,7,4,1,0,11,29,26,9],[0,0,0,1,0,0,2,18,78,0],[0,0,1,0,0,0,1,64,21,2],[0,0,0,0,0,0,5,30,59,0]]",2,0,0,0,0,0.157851105093956,1.1171867303848266,0,0.00000604183125,998,0.998
brief3_primary_gaussian-040_seed_20260810,20260810,recurrent,36,1568,1,8,gaussian,0.4,0.065,5.841390943038324,0.5694630736706173,"[0.0,0.0,0.1206896551724138,0.009345794392523364,0.0,0.0,0.1264367816091954,0.18181818181818185,0.23595505617977527,0.0]","[[0,0,5,3,0,0,42,0,10,25],[0,0,2,2,1,0,0,112,9,0],[0,1,14,11,0,0,3,43,44,0],[0,2,18,1,0,0,1,26,54,5],[0,0,0,0,0,0,15,33,61,1],[0,0,0,3,0,0,7,28,45,4],[0,0,7,4,1,0,11,29,26,9],[0,0,0,1,0,0,2,18,78,0],[0,0,1,0,0,0,1,64,21,2],[0,0,0,0,0,0,5,31,58,0]]",1,0,0,0,0,0.1404657382965088,2.702044059753418,0,0.00000604183125,999,0.999
brief3_primary_gaussian-040_seed_20260810,20260810,recurrent,36,1568,1,16,gaussian,0.4,0.065,14.377145733515984,0.17283270474179893,"[0.0,0.0,0.1206896551724138,0.009345794392523364,0.0,0.0,0.1264367816091954,0.18181818181818185,0.23595505617977527,0.0]","[[0,0,5,2,0,0,42,0,11,25],[0,0,1,2,1,0,0,113,9,0],[0,1,14,11,0,0,3,43,44,0],[0,2,19,1,0,0,1,26,53,5],[0,0,0,0,0,0,15,34,60,1],[0,0,0,3,0,0,7,28,45,4],[0,0,7,4,1,0,11,29,26,9],[0,0,0,1,0,0,2,18,78,0],[0,0,1,0,0,0,1,64,21,2],[0,0,0,0,0,0,5,31,58,0]]",0,0,0,0,0,0.11123690867424012,6.923448711395264,0,0.00000604183125,1000,1
brief3_primary_gaussian-040_seed_20260810,20260810,recurrent,36,1568,1,32,gaussian,0.4,0.065,22.90487524851229,0.06931160695716335,"[0.0,0.0,0.1206896551724138,0.009345794392523364,0.0,0.0,0.1264367816091954,0.18181818181818185,0.23595505617977527,0.0]","[[0,0,4,2,0,0,43,0,11,25],[0,0,1,2,1,0,0,113,9,0],[0,1,14,11,0,0,3,42,45,0],[0,2,18,1,0,0,1,26,54,5],[0,0,0,0,0,0,15,34,60,1],[0,0,0,3,0,0,7,28,45,4],[0,0,7,3,1,0,11,29,27,9],[0,0,0,1,0,0,2,18,78,0],[0,0,1,0,0,0,1,64,21,2],[0,0,0,0,0,0,5,30,59,0]]",0,0,0,0,0,0.06929557263851166,16.22611180114746,0,0.00000604183125,934,0.934
brief3_primary_occlusion-010_seed_20260810,20260810,recurrent,36,1568,1,1,occlusion,0.1,0.069,2.3850144399783018,2.2137019994525553,"[0.0,0.0,0.15517241379310345,0.009345794392523364,0.0,0.0,0.13793103448275862,0.16161616161616163,0.24719101123595505,0.0]","[[0,0,2,2,0,0,49,1,10,21],[0,0,12,9,1,0,0,99,5,0],[0,1,18,15,0,0,5,38,38,1],[0,2,21,1,0,0,3,22,49,9],[0,0,1,0,0,0,16,31,62,0],[0,0,2,4,1,0,10,28,38,4],[0,1,9,8,0,0,12,27,25,5],[0,0,1,0,0,0,4,16,76,2],[0,0,3,4,1,0,2,57,22,0],[0,0,1,0,0,0,8,23,62,0]]",0,0,0,0,0,0.1282551029920578,0.17765965020656585,0,0.000005980234375000001,0,0
brief3_primary_occlusion-010_seed_20260810,20260810,recurrent,36,1568,1,2,occlusion,0.1,0.069,2.547088744332979,2.029921135407716,"[0.0,0.0,0.15517241379310345,0.009345794392523364,0.0,0.0,0.13793103448275862,0.16161616161616163,0.24719101123595505,0.0]","[[0,0,2,2,0,0,49,1,10,21],[0,0,12,9,1,0,0,99,5,0],[0,1,18,15,0,0,5,38,38,1],[0,2,21,1,0,0,2,22,50,9],[0,0,1,0,0,0,16,31,62,0],[0,0,2,4,1,0,10,28,38,4],[0,1,9,8,0,0,12,27,25,5],[0,1,1,0,0,0,4,16,76,1],[0,0,3,4,1,0,2,57,22,0],[0,0,1,0,0,0,8,23,62,0]]",2,0,0,0,0,0.12435886526107788,0.2978970675468445,0,0.000005980234375000001,998,0.998
brief3_primary_occlusion-010_seed_20260810,20260810,recurrent,36,1568,1,4,occlusion,0.1,0.07,3.3671710355590845,1.363137489885349,"[0.0,0.0,0.16379310344827586,0.009345794392523364,0.0,0.0,0.13793103448275862,0.16161616161616163,0.24719101123595505,0.0]","[[0,0,2,2,0,0,49,1,10,21],[0,0,12,9,1,0,0,99,5,0],[0,1,19,15,0,0,4,38,38,1],[0,2,21,1,0,0,2,22,50,9],[0,0,1,0,0,0,16,32,61,0],[0,0,2,4,1,0,10,28,38,4],[0,1,9,8,0,0,12,27,25,5],[0,1,1,0,0,0,4,16,77,0],[0,0,3,4,1,0,2,57,22,0],[0,0,1,0,0,0,8,23,62,0]]",0,0,0,0,0,0.11742316311597824,0.6145862112045288,0,0.000005980234375000001,1000,1
brief3_primary_occlusion-010_seed_20260810,20260810,recurrent,36,1568,1,8,occlusion,0.1,0.07,6.822923809693308,0.5108465458552875,"[0.0,0.0,0.16379310344827586,0.009345794392523364,0.0,0.0,0.13793103448275862,0.16161616161616163,0.24719101123595505,0.0]","[[0,0,2,2,0,0,50,1,10,20],[0,0,12,9,1,0,0,99,5,0],[0,1,19,15,0,0,4,38,38,1],[0,2,21,1,0,0,2,22,50,9],[0,0,1,0,0,0,16,32,61,0],[0,0,2,4,1,0,10,28,38,4],[0,1,9,8,0,0,12,27,25,5],[0,1,1,0,0,0,4,16,77,0],[0,0,3,4,1,0,2,57,22,0],[0,0,1,0,0,0,8,23,62,0]]",0,0,0,0,0,0.104902813911438,1.4930244998931883,0,0.000005980234375000001,999,0.999
brief3_primary_occlusion-010_seed_20260810,20260810,recurrent,36,1568,1,16,occlusion,0.1,0.07,16.187932539292312,0.19158076492835768,"[0.0,0.0,0.16379310344827586,0.009345794392523364,0.0,0.0,0.13793103448275862,0.16161616161616163,0.24719101123595505,0.0]","[[0,0,2,2,0,0,49,1,10,21],[0,0,12,9,1,0,0,99,5,0],[0,1,19,16,0,0,4,37,38,1],[0,2,21,1,0,0,2,22,50,9],[0,0,1,0,0,0,16,33,60,0],[0,0,2,4,1,0,10,28,38,4],[0,1,9,8,0,0,12,27,25,5],[0,1,1,0,0,0,4,16,77,0],[0,0,3,4,1,0,2,57,22,0],[0,0,1,0,0,0,8,23,62,0]]",0,0,0,0,0,0.08324936175346374,3.844568826675415,0,0.000005980234375000001,1000,1
brief3_primary_occlusion-010_seed_20260810,20260810,recurrent,36,1568,1,32,occlusion,0.1,0.07,22.780025645303706,0.09423993756486836,"[0.0,0.0,0.16379310344827586,0.009345794392523364,0.0,0.0,0.13793103448275862,0.16161616161616163,0.24719101123595505,0.0]","[[0,0,2,2,0,0,50,1,10,20],[0,0,12,9,1,0,0,99,5,0],[0,1,19,15,0,0,4,38,38,1],[0,2,21,1,0,0,2,22,50,9],[0,0,1,0,0,0,16,32,61,0],[0,0,2,4,1,0,10,28,38,4],[0,1,9,8,0,0,12,27,25,5],[0,1,1,0,0,0,4,16,76,1],[0,0,3,4,1,0,2,57,22,0],[0,0,1,0,0,0,8,23,62,0]]",0,0,0,0,0,0.051832231044769285,9.038671989440918,0,0.000005980234375000001,827,0.827
brief3_primary_occlusion-025_seed_20260810,20260810,recurrent,36,1568,1,1,occlusion,0.25,0.091,2.3396557709216785,2.2547033573074957,"[0.0,0.007936507936507936,0.23275862068965517,0.056074766355140186,0.045454545454545456,0.0,0.1264367816091954,0.1414141414141414,0.24719101123595505,0.05319148936170213]","[[0,0,4,8,0,0,41,1,11,20],[0,1,33,28,1,0,0,58,5,0],[0,5,27,20,0,0,8,22,29,5],[0,8,32,6,0,0,2,7,40,12],[0,3,6,6,5,0,28,16,43,3],[0,1,6,14,5,0,11,15,32,3],[0,1,12,16,1,0,11,17,20,9],[0,1,5,1,0,1,7,14,53,17],[0,1,18,16,2,0,6,23,22,1],[0,1,7,2,0,0,16,14,49,5]]",0,0,0,0,0,0.10221419060230257,0.11246993094682692,0,0.000006359346875,0,0
brief3_primary_occlusion-025_seed_20260810,20260810,recurrent,36,1568,1,2,occlusion,0.25,0.09,2.423676999068298,2.147946526306559,"[0.0,0.007936507936507936,0.2413793103448276,0.056074766355140186,0.045454545454545456,0.0,0.1264367816091954,0.15151515151515152,0.24719101123595505,0.02127659574468085]","[[0,0,4,8,0,0,41,1,11,20],[0,1,33,28,1,0,0,58,5,0],[0,5,28,20,0,0,8,22,28,5],[0,9,32,6,0,0,2,7,40,11],[0,3,6,6,5,0,28,16,43,3],[0,1,6,14,5,0,12,15,32,2],[0,1,12,16,2,0,11,16,20,9],[1,2,7,1,0,1,8,15,53,11],[0,1,18,16,2,0,6,23,22,1],[0,2,8,3,0,0,16,14,49,2]]",14,3,4,0.0033003300330033004,0.04395604395604396,0.0990960134267807,0.1887093729972839,0,0.000006359346875,980,0.98
brief3_primary_occlusion-025_seed_20260810,20260810,recurrent,36,1568,1,4,occlusion,0.25,0.089,2.8925807146621954,1.6961933886244152,"[0.0,0.007936507936507936,0.2413793103448276,0.056074766355140186,0.045454545454545456,0.0,0.1264367816091954,0.16161616161616163,0.24719101123595505,0.0]","[[0,0,4,8,0,0,41,1,11,20],[0,1,33,28,1,0,0,58,5,0],[0,5,28,20,0,0,7,22,29,5],[0,9,32,6,0,0,2,7,40,11],[0,3,6,6,5,0,27,16,44,3],[0,1,6,14,5,0,12,15,32,2],[0,1,11,16,2,0,11,16,21,9],[2,3,7,1,0,2,8,16,53,7],[0,1,18,16,2,0,6,23,22,1],[0,2,8,2,0,0,16,15,51,0]]",2,0,0,0,0,0.0935354210138321,0.3895231447219849,0,0.000006359346875,991,0.991
brief3_primary_occlusion-025_seed_20260810,20260810,recurrent,36,1568,1,8,occlusion,0.25,0.087,5.095556879969036,0.9262769534006668,"[0.0,0.007936507936507936,0.2413793103448276,0.056074766355140186,0.045454545454545456,0.0,0.1264367816091954,0.1414141414141414,0.24719101123595505,0.0]","[[0,0,4,8,0,0,41,1,11,20],[0,1,33,28,1,0,0,58,5,0],[0,5,28,20,0,0,7,22,29,5],[0,9,32,6,0,0,2,7,40,11],[0,3,6,6,5,0,27,16,44,3],[0,1,6,14,5,0,12,15,32,2],[0,1,11,16,2,0,11,16,21,9],[2,3,6,2,0,3,8,14,54,7],[0,1,18,16,2,0,6,23,22,1],[0,2,7,3,0,0,16,15,51,0]]",1,0,1,0,0.011363636363636364,0.08351744365692139,0.9463874273300172,0,0.000006359346875,999,0.999
brief3_primary_occlusion-025_seed_20260810,20260810,recurrent,36,1568,1,16,occlusion,0.25,0.087,11.653803682425824,0.4720008349838875,"[0.0,0.007936507936507936,0.23275862068965517,0.056074766355140186,0.045454545454545456,0.0,0.1264367816091954,0.1414141414141414,0.25842696629213485,0.0]","[[0,0,4,8,0,0,41,1,11,20],[0,1,33,28,1,0,0,58,5,0],[0,5,27,20,0,0,7,22,29,6],[0,9,33,6,0,0,2,6,40,11],[0,2,7,7,5,0,27,16,43,3],[0,1,6,14,5,0,11,15,33,2],[0,1,11,16,2,0,11,16,21,9],[2,3,6,2,0,3,8,14,54,7],[0,1,18,16,2,0,6,22,23,1],[0,1,8,3,0,0,16,14,52,0]]",1,0,0,0,0,0.06624468946456909,2.436251329421997,0,0.000006359346875,999,0.999
brief3_primary_occlusion-025_seed_20260810,20260810,recurrent,36,1568,1,32,occlusion,0.25,0.087,18.104328353273623,0.3108655684278985,"[0.0,0.007936507936507936,0.23275862068965517,0.06542056074766354,0.045454545454545456,0.0,0.1264367816091954,0.13131313131313133,0.25842696629213485,0.0]","[[0,0,4,8,0,0,41,1,11,20],[0,1,33,28,1,0,0,56,7,0],[0,5,27,20,0,0,7,22,29,6],[0,9,32,7,0,0,2,6,40,11],[0,2,8,7,5,0,27,16,42,3],[0,1,7,13,6,0,10,15,33,2],[0,1,11,16,2,0,11,16,21,9],[2,3,6,3,0,3,8,13,55,6],[0,1,19,15,2,0,6,22,23,1],[0,0,9,2,0,0,17,14,52,0]]",0,0,0,0,0,0.041234358340501785,5.724964401245117,0,0.000006359346875,847,0.847
brief3_primary_occlusion-040_seed_20260810,20260810,recurrent,36,1568,1,1,occlusion,0.4,0.114,2.2973601931769547,2.2876568803648527,"[0.0,0.007936507936507936,0.25,0.04672897196261682,0.10909090909090909,0.0,0.1264367816091954,0.030303030303030304,0.11235955056179776,0.4574468085106383]","[[0,0,9,9,0,1,28,0,7,31],[0,1,33,34,1,0,0,14,0,43],[1,5,29,26,1,2,12,3,4,33],[2,12,37,5,0,2,3,1,15,30],[0,5,12,15,12,2,23,3,12,26],[0,3,9,20,15,0,8,1,8,23],[0,1,14,28,3,0,11,1,3,26],[0,3,6,2,0,1,5,3,18,61],[0,2,17,19,5,0,13,1,10,22],[0,0,12,4,0,0,16,2,17,43]]",0,0,0,0,0,0.06944784760475159,0.05156428462266922,0,0.000006862715625000001,0,0
brief3_primary_occlusion-040_seed_20260810,20260810,recurrent,36,1568,1,2,occlusion,0.4,0.106,2.312374042993208,2.252936872952568,"[0.0,0.007936507936507936,0.25,0.04672897196261682,0.10909090909090909,0.0,0.1264367816091954,0.050505050505050504,0.1348314606741573,0.32978723404255317]","[[0,0,9,9,0,1,30,0,6,30],[0,1,33,34,1,0,0,23,0,34],[1,5,29,26,1,3,14,3,4,30],[2,15,37,5,0,2,3,1,18,24],[0,5,12,17,12,2,23,7,13,19],[0,3,9,21,18,0,8,2,8,18],[0,1,14,28,3,0,11,3,3,24],[3,6,11,4,0,1,8,5,19,42],[0,2,17,19,6,1,17,3,12,12],[0,0,17,5,0,0,16,5,20,31]]",75,4,12,0.004514672686230248,0.10526315789473684,0.06732206672430038,0.08664602100849152,0,0.000006862715625000001,777,0.777
brief3_primary_occlusion-040_seed_20260810,20260810,recurrent,36,1568,1,4,occlusion,0.4,0.102,2.4384923481110676,2.0814931539051433,"[0.0,0.007936507936507936,0.25,0.056074766355140186,0.10909090909090909,0.0,0.1264367816091954,0.101010101010101,0.14606741573033707,0.2127659574468085]","[[0,0,9,9,0,1,30,0,7,29],[0,1,33,34,1,0,0,48,1,8],[1,5,29,26,1,3,17,7,4,23],[2,15,37,6,0,2,4,4,20,17],[0,5,12,17,12,2,23,9,16,14],[0,3,9,21,20,0,9,4,10,11],[0,1,14,28,3,0,11,5,4,21],[6,10,11,4,0,3,7,10,19,29],[0,3,17,19,6,1,18,4,13,8],[0,0,17,5,0,0,16,9,27,20]]",39,2,5,0.0022346368715083797,0.047619047619047616,0.06350775331258773,0.17908156490325927,0,0.000006862715625000001,846,0.846
brief3_primary_occlusion-040_seed_20260810,20260810,recurrent,36,1568,1,8,occlusion,0.4,0.094,3.197332432171261,1.6513936212420308,"[0.0,0.007936507936507936,0.25,0.04672897196261682,0.11818181818181818,0.0,0.1264367816091954,0.1717171717171717,0.14606741573033707,0.05319148936170213]","[[0,0,9,9,0,1,28,1,9,28],[0,1,33,33,2,0,0,53,4,0],[1,5,29,26,1,3,17,8,5,21],[2,15,37,5,0,2,6,7,23,10],[0,5,12,17,13,2,22,10,18,11],[0,3,9,21,20,0,10,5,14,5],[0,1,14,28,3,0,11,5,5,20],[4,10,10,5,0,5,7,17,26,15],[0,3,17,19,6,1,17,8,13,5],[0,0,16,6,0,0,16,12,39,5]]",10,2,1,0.002205071664829107,0.010752688172043012,0.05664446130394936,0.43530505895614624,0,0.000006862715625000001,897,0.897
brief3_primary_occlusion-040_seed_20260810,20260810,recurrent,36,1568,1,16,occlusion,0.4,0.094,5.848738288802948,1.2603291973314092,"[0.0,0.007936507936507936,0.25,0.04672897196261682,0.11818181818181818,0.0,0.1264367816091954,0.16161616161616163,0.15730337078651685,0.05319148936170213]","[[0,0,9,9,0,1,28,1,9,28],[0,1,33,33,2,0,0,51,6,0],[1,5,29,26,1,3,16,9,5,21],[2,15,37,5,0,2,6,7,23,10],[0,5,12,18,13,2,22,9,18,11],[0,3,9,22,19,0,10,5,14,5],[0,1,14,28,3,0,11,5,4,21],[4,10,10,4,0,5,7,16,29,14],[0,3,17,19,6,1,17,8,14,4],[0,0,16,6,0,0,16,12,39,5]]",2,0,0,0,0,0.04487331616878509,1.1199842443466186,0,0.000006862715625000001,938,0.938
brief3_primary_occlusion-040_seed_20260810,20260810,recurrent,36,1568,1,32,occlusion,0.4,0.097,9.893493805715687,1.0694333645472374,"[0.0,0.007936507936507936,0.25,0.056074766355140186,0.11818181818181818,0.0,0.1264367816091954,0.16161616161616163,0.1797752808988764,0.05319148936170213]","[[0,0,9,9,0,1,27,1,10,28],[0,1,33,33,2,0,0,48,9,0],[0,5,29,26,1,3,13,11,7,21],[1,15,36,6,0,3,6,6,24,10],[0,5,12,18,13,2,22,6,21,11],[0,3,9,21,20,0,11,4,14,5],[0,1,14,28,3,0,11,5,4,21],[4,10,10,3,0,5,7,16,30,14],[0,2,18,18,6,1,17,7,16,4],[0,0,16,6,0,0,16,11,40,5]]",2,0,0,0,0,0.027908196210861207,2.6288752670288087,0,0.000006862715625000001,914,0.914
brief3_primary_occlusion-055_seed_20260810,20260810,recurrent,36,1568,1,1,occlusion,0.55,0.124,2.298492649682684,2.29721667866154,"[0.0,0.007936507936507936,0.19827586206896552,0.037383177570093455,0.1,0.0,0.022988505747126436,0.0,0.0,0.8829787234042553]","[[0,0,9,10,1,5,7,0,0,53],[0,1,14,22,1,0,0,0,0,88],[0,5,23,13,3,2,6,0,0,64],[1,6,23,4,0,3,2,0,0,68],[0,3,10,11,11,5,7,0,0,63],[0,0,6,12,18,0,2,0,0,49],[0,1,16,22,5,0,2,0,0,41],[0,2,3,1,1,0,0,0,0,92],[1,2,13,9,4,1,1,0,0,58],[0,0,7,0,1,0,3,0,0,83]]",0,0,0,0,0,0.03969208174943924,0.01665528120100498,0,0.00000651928125,0,0
brief3_primary_occlusion-055_seed_20260810,20260810,recurrent,36,1568,1,2,occlusion,0.55,0.124,2.3023627934867137,2.284687067038401,"[0.0,0.007936507936507936,0.1896551724137931,0.037383177570093455,0.10909090909090909,0.0,0.022988505747126436,0.0,0.0,0.8829787234042553]","[[0,0,9,10,1,5,7,0,0,53],[0,1,14,22,1,0,0,0,0,88],[0,5,22,14,3,4,6,0,0,62],[5,6,23,4,0,3,2,0,0,64],[0,3,10,11,12,5,7,0,0,62],[0,0,6,13,20,0,2,0,0,46],[0,1,16,22,5,0,2,0,0,41],[4,2,3,1,2,2,0,0,0,85],[1,2,13,9,7,1,1,0,0,55],[0,0,7,0,1,0,3,0,0,83]]",21,1,1,0.001141552511415525,0.008064516129032258,0.03848397171497345,0.028065157756209373,0,0.00000651928125,404,0.404
brief3_primary_occlusion-055_seed_20260810,20260810,recurrent,36,1568,1,4,occlusion,0.55,0.118,2.3457132539991092,2.215063068070745,"[0.0,0.007936507936507936,0.1896551724137931,0.037383177570093455,0.10909090909090909,0.0,0.022988505747126436,0.04040404040404041,0.033707865168539325,0.7446808510638298]","[[0,0,9,10,1,5,9,8,0,43],[0,1,14,22,1,0,0,19,0,69],[0,5,22,14,3,4,8,4,1,55],[5,7,23,4,0,4,3,6,2,53],[0,3,10,11,12,5,8,2,5,54],[0,0,6,13,23,0,2,0,1,42],[0,1,16,22,5,0,2,8,0,33],[9,3,3,1,4,5,1,4,0,69],[1,2,13,9,8,1,4,1,3,47],[0,0,7,0,1,0,3,5,8,70]]",88,7,13,0.007990867579908675,0.10483870967741936,0.03628287988901138,0.058161127477884295,0,0.00000651928125,431,0.431
brief3_primary_occlusion-055_seed_20260810,20260810,recurrent,36,1568,1,8,occlusion,0.55,0.108,2.650932534238777,1.9995228860213905,"[0.0,0.007936507936507936,0.1896551724137931,0.037383177570093455,0.10909090909090909,0.0,0.022988505747126436,0.25252525252525254,0.07865168539325842,0.3723404255319149]","[[0,0,9,10,1,5,10,24,0,26],[0,1,14,21,2,0,0,45,9,34],[0,5,22,14,3,4,10,9,6,43],[5,7,23,4,0,4,7,22,8,27],[0,3,10,11,12,5,9,6,22,32],[0,0,6,13,23,0,6,18,4,17],[0,1,16,22,5,0,2,13,1,27],[9,3,3,1,3,5,2,25,10,38],[1,2,13,9,8,1,4,16,7,28],[0,0,7,0,1,0,4,14,33,35]]",20,2,9,0.0022598870056497176,0.0782608695652174,0.0323054972589016,0.14156315362453462,0,0.00000651928125,450,0.45
brief3_primary_occlusion-055_seed_20260810,20260810,recurrent,36,1568,1,16,occlusion,0.55,0.107,3.832407637099098,1.770486012505965,"[0.0,0.007936507936507936,0.1896551724137931,0.037383177570093455,0.10909090909090909,0.0,0.022988505747126436,0.26262626262626265,0.06741573033707865,0.3617021276595745]","[[0,0,9,10,1,5,10,24,0,26],[0,1,14,21,2,0,0,45,9,34],[0,5,22,14,3,4,11,9,6,42],[5,7,23,4,0,4,7,22,8,27],[0,3,10,11,12,5,9,5,23,32],[0,0,6,13,23,0,6,18,4,17],[0,1,16,22,5,0,2,13,1,27],[9,3,3,1,3,5,2,26,16,31],[1,2,13,9,8,1,4,17,6,28],[0,0,7,0,1,0,4,14,34,34]]",0,0,0,0,0,0.025526824340224265,0.3639511609077454,0,0.00000651928125,550,0.55
brief3_primary_occlusion-055_seed_20260810,20260810,recurrent,36,1568,1,32,occlusion,0.55,0.111,5.966023796474159,1.6461018690105595,"[0.0,0.007936507936507936,0.1896551724137931,0.04672897196261682,0.10909090909090909,0.011494252873563218,0.022988505747126436,0.25252525252525254,0.10112359550561796,0.3617021276595745]","[[0,0,9,10,1,5,9,25,0,26],[0,1,14,21,2,0,0,44,10,34],[0,5,22,14,3,4,10,9,8,41],[5,7,22,5,0,4,6,22,9,27],[0,3,10,11,12,4,9,6,23,32],[0,0,5,14,23,1,5,17,5,17],[0,1,16,22,5,0,2,13,1,27],[7,2,3,1,2,7,3,25,17,32],[1,2,13,9,7,1,3,18,9,26],[0,0,7,0,1,0,4,14,34,34]]",1,0,0,0,0,0.015843007043004037,0.8523676629066468,0,0.00000651928125,645,0.645
brief3_primary_vertical-strip_seed_20260810,20260810,recurrent,36,1568,1,1,vertical_strip,0.25,0.097,2.3545090898976477,2.25141896139938,"[0.0,0.015873015873015872,0.0,0.018691588785046728,0.0,0.0,0.3793103448275862,0.0,0.6629213483146067,0.010638297872340424]","[[0,0,0,0,0,0,53,0,12,20],[0,2,0,50,1,0,0,0,12,61],[0,19,0,27,0,0,12,0,52,6],[0,5,0,2,0,0,5,0,83,12],[0,0,0,0,0,0,43,0,67,0],[0,0,0,5,3,0,21,0,51,7],[0,0,0,8,3,0,33,0,31,12],[0,0,0,4,0,0,6,0,89,0],[0,0,0,14,1,0,13,0,59,2],[0,0,0,0,0,0,27,0,66,1]]",0,0,0,0,0,0.09300618118047714,0.0930860320329666,0,0.000006216059375,0,0
brief3_primary_vertical-strip_seed_20260810,20260810,recurrent,36,1568,1,2,vertical_strip,0.25,0.096,2.451716931583967,2.1410924207312534,"[0.0,0.015873015873015872,0.0,0.018691588785046728,0.0,0.0,0.3793103448275862,0.0,0.6629213483146067,0.0]","[[0,0,0,0,0,0,53,0,12,20],[0,2,0,51,1,0,0,0,15,57],[0,19,0,29,0,0,12,0,50,6],[0,5,0,2,0,0,5,0,83,12],[0,0,0,0,0,0,43,0,67,0],[0,0,0,6,3,0,21,0,51,6],[0,0,0,8,3,0,33,0,31,12],[0,0,0,4,0,0,6,0,89,0],[0,0,0,14,1,0,13,0,59,2],[0,0,0,1,0,0,27,0,66,0]]",8,0,1,0,0.010309278350515464,0.09013188457489012,0.15617294251918792,0,0.000006216059375,934,0.934
brief3_primary_vertical-strip_seed_20260810,20260810,recurrent,36,1568,1,4,vertical_strip,0.25,0.096,2.959687773264106,1.6827126996761042,"[0.0,0.015873015873015872,0.0,0.018691588785046728,0.0,0.0,0.3793103448275862,0.0,0.6629213483146067,0.0]","[[0,0,0,0,0,0,55,0,11,19],[0,2,0,51,1,0,0,0,19,53],[0,20,0,30,0,0,12,0,48,6],[0,5,0,2,0,0,5,0,83,12],[0,0,0,0,0,0,43,0,67,0],[0,0,0,6,3,0,21,0,51,6],[0,0,0,8,3,0,33,0,31,12],[0,0,0,4,0,0,6,0,89,0],[0,0,0,14,1,0,13,0,59,2],[0,0,0,1,0,0,27,0,66,0]]",3,0,0,0,0,0.08503262984752655,0.32225852394104004,0,0.000006216059375,940,0.94
brief3_primary_vertical-strip_seed_20260810,20260810,recurrent,36,1568,1,8,vertical_strip,0.25,0.096,5.282726313671723,0.9109043879839208,"[0.0,0.015873015873015872,0.0,0.018691588785046728,0.0,0.0,0.3793103448275862,0.0,0.6629213483146067,0.0]","[[0,0,0,0,0,0,56,0,11,18],[0,2,0,50,2,0,0,0,21,51],[0,20,0,30,0,0,12,0,48,6],[0,5,0,2,0,0,5,0,83,12],[0,0,0,0,0,0,43,0,67,0],[0,0,0,6,3,0,21,0,51,6],[0,0,0,8,3,0,33,0,31,12],[0,1,0,3,0,0,6,0,89,0],[0,0,0,14,1,0,13,0,59,2],[0,0,0,1,0,0,27,0,66,0]]",1,0,0,0,0,0.07591263711452484,0.7826204333305359,0,0.000006216059375,942,0.942
brief3_primary_vertical-strip_seed_20260810,20260810,recurrent,36,1568,1,16,vertical_strip,0.25,0.096,12.17497183358554,0.4936172585270408,"[0.0,0.015873015873015872,0.0,0.018691588785046728,0.0,0.0,0.3793103448275862,0.0,0.6629213483146067,0.0]","[[0,0,0,0,0,0,55,0,11,19],[0,2,0,50,2,0,0,0,21,51],[0,20,0,30,0,0,12,0,48,6],[0,6,0,2,0,0,4,0,83,12],[0,0,0,0,0,0,43,0,67,0],[0,0,0,6,3,0,21,0,51,6],[0,0,0,8,3,0,33,0,31,12],[0,1,0,3,0,0,6,0,89,0],[0,0,0,14,1,0,13,0,59,2],[0,0,0,1,0,0,27,0,66,0]]",0,0,0,0,0,0.06023533615469932,2.014355573654175,0,0.000006216059375,943,0.943
brief3_primary_vertical-strip_seed_20260810,20260810,recurrent,36,1568,1,32,vertical_strip,0.25,0.096,18.362202435374947,0.3442416572862278,"[0.0,0.015873015873015872,0.0,0.018691588785046728,0.0,0.0,0.3793103448275862,0.0,0.6629213483146067,0.0]","[[0,0,0,0,0,0,54,0,12,19],[0,2,0,50,2,0,0,0,21,51],[0,20,0,29,0,0,12,0,49,6],[0,6,0,2,0,0,4,0,83,12],[0,0,0,0,0,0,43,0,67,0],[0,0,0,6,3,0,21,0,51,6],[0,0,0,8,3,0,33,0,31,12],[0,1,0,3,0,0,6,0,89,0],[0,0,0,14,1,0,13,0,59,2],[0,0,0,1,0,0,27,0,66,0]]",0,0,0,0,0,0.03752318215370178,4.734900386810303,0,0.000006216059375,845,0.845
brief3_primary_horizontal-strip_seed_20260810,20260810,recurrent,36,1568,1,1,horizontal_strip,0.25,0.112,2.2826762896072332,2.285366470624177,"[0.0,0.0,0.5,0.06542056074766354,0.0,0.0,0.011494252873563218,0.3636363636363637,0.11235955056179776,0.0]","[[0,1,32,29,0,0,10,0,7,6],[0,0,36,15,1,0,0,73,1,0],[0,6,58,32,0,0,2,14,2,2],[0,8,62,7,0,0,0,4,19,7],[0,3,3,4,0,0,10,40,49,1],[0,2,14,23,6,0,1,14,25,2],[0,3,37,36,3,0,1,3,4,0],[0,0,0,0,0,0,0,36,63,0],[0,0,21,28,0,0,3,27,10,0],[0,0,5,2,0,0,2,36,49,0]]",0,0,0,0,0,0.11169020587205888,0.13409825551509855,0,0.000006009728125,0,0
brief3_primary_horizontal-strip_seed_20260810,20260810,recurrent,36,1568,1,2,horizontal_strip,0.25,0.112,2.290508021577609,2.2473401814527363,"[0.0,0.0,0.5,0.06542056074766354,0.0,0.0,0.011494252873563218,0.3636363636363637,0.11235955056179776,0.0]","[[0,1,30,29,0,0,10,0,9,6],[0,0,35,14,1,0,0,75,1,0],[0,6,58,32,0,0,2,14,3,1],[0,8,61,7,0,0,0,4,20,7],[0,3,3,4,0,0,10,40,49,1],[0,2,14,23,7,0,1,14,25,1],[0,3,37,36,3,0,1,3,4,0],[0,0,0,0,0,0,0,36,63,0],[0,0,21,28,0,0,3,27,10,0],[0,0,5,2,0,0,2,36,49,0]]",7,0,0,0,0,0.10829222118854524,0.22508152770996093,0,0.000006009728125,993,0.993
brief3_primary_horizontal-strip_seed_20260810,20260810,recurrent,36,1568,1,4,horizontal_strip,0.25,0.111,2.4116898507560074,2.0357949735895646,"[0.0,0.0,0.4913793103448276,0.06542056074766354,0.0,0.0,0.011494252873563218,0.3636363636363637,0.11235955056179776,0.0]","[[0,1,30,29,0,0,10,0,9,6],[0,0,35,14,1,0,0,75,1,0],[0,6,57,32,0,0,2,14,3,2],[0,8,60,7,0,0,0,4,21,7],[0,3,3,4,0,0,10,40,49,1],[0,1,15,23,6,0,1,15,25,1],[0,3,37,36,3,0,1,3,4,0],[0,0,0,0,0,0,0,36,63,0],[0,0,21,28,0,0,3,27,10,0],[0,0,5,2,0,0,2,35,50,0]]",4,0,1,0,0.008928571428571428,0.10221726077795028,0.46478664422035215,0,0.000006009728125,996,0.996
brief3_primary_horizontal-strip_seed_20260810,20260810,recurrent,36,1568,1,8,horizontal_strip,0.25,0.111,3.348773486936996,1.2898243403874772,"[0.0,0.0,0.4913793103448276,0.06542056074766354,0.0,0.0,0.011494252873563218,0.3636363636363637,0.11235955056179776,0.0]","[[0,1,30,29,0,0,10,0,9,6],[0,0,34,14,1,0,0,75,2,0],[0,6,57,32,0,0,2,14,3,2],[0,8,60,7,0,0,0,4,21,7],[0,3,3,4,0,0,10,40,49,1],[0,1,15,23,6,0,1,15,25,1],[0,3,37,35,3,0,1,4,4,0],[0,0,0,0,0,0,0,36,63,0],[0,0,21,28,0,0,3,27,10,0],[0,0,5,2,0,0,2,35,50,0]]",0,0,0,0,0,0.09125495505332946,1.129547543525696,0,0.000006009728125,1000,1
brief3_primary_horizontal-strip_seed_20260810,20260810,recurrent,36,1568,1,16,horizontal_strip,0.25,0.111,7.2023395232537295,0.43064103566684586,"[0.0,0.0,0.4913793103448276,0.06542056074766354,0.0,0.0,0.011494252873563218,0.3636363636363637,0.11235955056179776,0.0]","[[0,1,30,29,0,0,10,0,9,6],[0,0,34,14,1,0,0,75,2,0],[0,6,57,32,0,0,2,14,3,2],[0,8,60,7,0,0,0,4,21,7],[0,3,3,4,0,0,9,41,49,1],[0,1,15,23,6,0,1,15,25,1],[0,3,37,35,3,0,1,4,4,0],[0,0,0,0,0,0,0,36,63,0],[0,0,21,28,0,0,3,27,10,0],[0,0,5,2,0,0,2,35,50,0]]",0,0,0,0,0,0.07235754758119584,2.9076965789794924,0,0.000006009728125,1000,1
brief3_primary_horizontal-strip_seed_20260810,20260810,recurrent,36,1568,1,32,horizontal_strip,0.25,0.111,15.197501495596669,0.13638668678920232,"[0.0,0.0,0.4913793103448276,0.06542056074766354,0.0,0.0,0.011494252873563218,0.3636363636363637,0.11235955056179776,0.0]","[[0,1,31,29,0,0,10,0,8,6],[0,0,35,14,1,0,0,75,1,0],[0,6,57,32,0,0,2,14,3,2],[0,8,60,7,0,0,0,4,21,7],[0,3,3,4,0,0,9,41,49,1],[0,1,15,23,7,0,1,14,25,1],[0,3,37,35,3,0,1,4,4,0],[0,0,0,0,0,0,0,36,63,0],[0,0,21,28,0,0,3,27,10,0],[0,0,5,2,0,0,2,35,50,0]]",0,0,0,0,0,0.045022784769535064,6.830933109283447,0,0.000006009728125,986,0.986
brief3_primary_central-block_seed_20260810,20260810,recurrent,36,1568,1,1,central_block,0.25,0.101,2.2983462196465574,2.2821000552704063,"[0.0,0.007936507936507936,0.5603448275862069,0.06542056074766354,0.06363636363636363,0.0,0.011494252873563218,0.0,0.0,0.2127659574468085]","[[0,0,17,21,0,0,2,0,0,45],[0,1,69,55,1,0,0,0,0,0],[0,6,65,36,0,0,2,0,0,7],[0,10,74,7,0,0,0,0,0,16],[0,11,26,28,7,2,23,0,0,13],[0,4,16,33,17,0,3,0,0,14],[0,1,29,34,3,0,1,0,0,19],[0,10,14,7,0,0,7,0,0,61],[0,3,37,40,3,0,1,0,0,5],[0,1,40,10,0,0,23,0,0,20]]",0,0,0,0,0,0.08002509027719498,0.06817156714200974,0,0.000006117812499999999,0,0
brief3_primary_central-block_seed_20260810,20260810,recurrent,36,1568,1,2,central_block,0.25,0.099,2.3207930698448176,2.2354746446665517,"[0.0,0.007936507936507936,0.5603448275862069,0.06542056074766354,0.06363636363636363,0.011494252873563218,0.011494252873563218,0.0,0.0,0.18085106382978725]","[[0,0,17,21,0,0,2,0,0,45],[0,1,68,56,1,0,0,0,0,0],[0,6,65,36,0,0,2,0,0,7],[0,10,74,7,0,0,0,0,0,16],[0,11,26,28,7,2,23,0,0,13],[0,4,16,34,19,1,3,0,0,10],[0,1,29,34,3,0,1,0,0,19],[5,10,14,8,1,5,10,0,0,46],[0,3,37,40,3,0,1,0,0,5],[0,1,41,11,0,0,24,0,0,17]]",24,1,3,0.0011123470522803114,0.0297029702970297,0.07757207459211349,0.11466647344827652,0,0.000006117812499999999,938,0.938
brief3_primary_central-block_seed_20260810,20260810,recurrent,36,1568,1,4,central_block,0.25,0.095,2.498276103106572,1.9968234730086265,"[0.0,0.007936507936507936,0.5603448275862069,0.06542056074766354,0.06363636363636363,0.011494252873563218,0.011494252873563218,0.09090909090909093,0.0,0.0425531914893617]","[[0,0,18,21,0,0,2,0,0,44],[0,1,68,56,1,0,0,0,0,0],[0,6,65,36,0,0,2,0,0,7],[0,10,74,7,0,0,1,0,0,15],[0,11,26,28,7,2,23,0,0,13],[0,3,17,34,19,1,3,0,0,10],[0,1,29,34,3,0,1,0,0,19],[7,12,14,8,1,7,13,9,1,27],[0,3,37,40,3,0,1,0,0,5],[0,1,42,11,0,0,23,8,5,4]]",25,9,13,0.009988901220865706,0.13131313131313133,0.07315060722827911,0.23720456421375272,0,0.000006117812499999999,956,0.956
brief3_primary_central-block_seed_20260810,20260810,recurrent,36,1568,1,8,central_block,0.25,0.094,3.567724901823569,1.3926768491981678,"[0.0,0.007936507936507936,0.5517241379310345,0.06542056074766354,0.06363636363636363,0.011494252873563218,0.011494252873563218,0.09090909090909093,0.0,0.0425531914893617]","[[0,0,18,21,0,0,2,0,0,44],[0,1,68,55,2,0,0,0,0,0],[0,6,64,36,0,0,2,0,0,8],[0,10,74,7,0,0,1,0,0,15],[0,10,26,29,7,2,23,0,0,13],[0,3,17,34,19,1,3,0,0,10],[0,1,29,34,3,0,1,0,0,19],[7,12,15,7,1,7,13,9,1,27],[0,3,38,40,2,0,1,0,0,5],[0,1,41,12,0,0,23,8,5,4]]",1,0,0,0,0,0.06519718313217163,0.5767774977684021,0,0.000006117812499999999,967,0.967
brief3_primary_central-block_seed_20260810,20260810,recurrent,36,1568,1,16,central_block,0.25,0.094,7.333550855597016,0.862740651591789,"[0.0,0.007936507936507936,0.5431034482758621,0.06542056074766354,0.07272727272727272,0.011494252873563218,0.011494252873563218,0.09090909090909093,0.0,0.0425531914893617]","[[0,0,17,21,0,0,2,0,0,45],[0,1,68,55,2,0,0,0,0,0],[0,6,63,36,0,0,2,0,0,9],[0,10,74,7,0,0,1,0,0,15],[0,11,26,28,8,2,23,0,0,12],[0,3,18,35,17,1,3,0,0,10],[0,1,29,34,3,0,1,0,0,19],[7,12,14,9,1,7,13,9,1,26],[0,3,38,40,2,0,1,0,0,5],[0,0,41,14,0,0,22,8,5,4]]",0,0,0,0,0,0.05160289615392685,1.4834022560119628,0,0.000006117812499999999,998,0.998
brief3_primary_central-block_seed_20260810,20260810,recurrent,36,1568,1,32,central_block,0.25,0.092,13.12790989018292,0.6254125579598474,"[0.0,0.007936507936507936,0.5431034482758621,0.07476635514018691,0.06363636363636363,0.0,0.011494252873563218,0.08080808080808081,0.0,0.0425531914893617]","[[0,0,17,21,0,0,2,0,0,45],[0,1,68,55,2,0,0,0,0,0],[0,6,63,36,0,0,2,0,0,9],[0,9,74,8,0,0,1,0,0,15],[0,11,26,29,7,2,23,0,0,12],[0,2,19,34,18,0,3,0,1,10],[0,1,29,34,3,0,1,0,0,19],[6,10,17,9,1,7,14,8,2,25],[0,3,38,40,2,0,1,0,0,5],[0,0,39,16,0,0,22,7,6,4]]",1,0,0,0,0,0.0320715260207653,3.47909211730957,0,0.000006117812499999999,952,0.952
brief3_primary_random-patches_seed_20260810,20260810,recurrent,36,1568,1,1,random_patches,0.25,0.079,2.3708612498688564,2.2288970241687047,"[0.0,0.0,0.12931034482758622,0.028037383177570093,0.0,0.0,0.21839080459770116,0.1919191919191919,0.25842696629213485,0.0]","[[0,0,3,2,0,0,49,1,12,18],[0,0,9,5,0,0,0,108,4,0],[0,0,15,10,0,0,1,55,35,0],[0,1,18,3,0,0,1,22,53,9],[0,0,0,0,0,0,20,35,55,0],[0,0,3,3,1,0,9,28,39,4],[0,1,5,5,1,0,19,26,27,3],[0,0,0,0,0,0,2,19,78,0],[0,0,3,4,0,0,1,56,23,2],[0,0,0,0,0,0,3,34,57,0]]",0,0,0,0,0,0.11910844630002976,0.15246755766868592,0,0.000006167234375,0,0
brief3_primary_random-patches_seed_20260810,20260810,recurrent,36,1568,1,2,random_patches,0.25,0.079,2.506362429762034,2.071172470557679,"[0.0,0.0,0.12931034482758622,0.028037383177570093,0.0,0.0,0.21839080459770116,0.1919191919191919,0.25842696629213485,0.0]","[[0,0,3,2,0,0,50,1,12,17],[0,0,9,5,0,0,0,107,5,0],[0,0,15,10,0,0,1,55,35,0],[0,1,18,3,0,0,1,22,53,9],[0,0,0,0,0,0,19,36,55,0],[0,0,3,3,1,0,9,28,39,4],[0,1,5,5,1,0,19,26,27,3],[0,0,0,0,0,0,2,19,78,0],[0,0,3,4,0,0,1,56,23,2],[0,0,0,0,0,0,3,34,57,0]]",3,0,0,0,0,0.11546902221441269,0.2559045898914337,0,0.000006167234375,997,0.997
brief3_primary_random-patches_seed_20260810,20260810,recurrent,36,1568,1,4,random_patches,0.25,0.079,3.214396770127755,1.453394494318483,"[0.0,0.0,0.12931034482758622,0.028037383177570093,0.0,0.0,0.21839080459770116,0.1919191919191919,0.25842696629213485,0.0]","[[0,0,3,2,0,0,50,1,12,17],[0,0,9,5,0,0,0,107,5,0],[0,0,15,10,0,0,1,55,35,0],[0,1,18,3,0,0,1,22,53,9],[0,0,0,0,0,0,18,36,56,0],[0,0,3,3,1,0,9,28,39,4],[0,1,5,5,1,0,19,26,27,3],[0,0,0,0,0,0,2,19,78,0],[0,0,3,4,0,0,1,56,23,2],[0,0,0,0,0,0,3,34,57,0]]",1,0,0,0,0,0.10896667218208313,0.5283573060035706,0,0.000006167234375,999,0.999
brief3_primary_random-patches_seed_20260810,20260810,recurrent,36,1568,1,8,random_patches,0.25,0.08,6.335011296574107,0.5536224122026231,"[0.0,0.0,0.12931034482758622,0.028037383177570093,0.0,0.0,0.21839080459770116,0.202020202020202,0.25842696629213485,0.0]","[[0,0,3,2,0,0,49,1,12,18],[0,0,9,5,0,0,0,107,5,0],[0,0,15,10,0,0,1,55,35,0],[0,1,18,3,0,0,1,22,53,9],[0,0,0,0,0,0,18,36,56,0],[0,0,3,3,1,0,9,28,39,4],[0,1,5,5,1,0,19,26,27,3],[0,0,0,0,0,0,2,20,77,0],[0,0,3,4,0,0,1,56,23,2],[0,0,0,0,0,0,3,34,57,0]]",1,1,0,0.0010857763300760044,0,0.09725897443294523,1.283698992729187,0,0.000006167234375,999,0.999
brief3_primary_random-patches_seed_20260810,20260810,recurrent,36,1568,1,16,random_patches,0.25,0.08,15.264460695521098,0.17559013945395793,"[0.0,0.0,0.12931034482758622,0.028037383177570093,0.0,0.0,0.21839080459770116,0.202020202020202,0.25842696629213485,0.0]","[[0,0,3,2,0,0,49,1,12,18],[0,0,9,5,0,0,0,107,5,0],[0,0,15,11,0,0,1,54,35,0],[0,1,18,3,0,0,1,22,53,9],[0,0,0,0,0,0,18,36,56,0],[0,0,3,3,1,0,9,28,39,4],[0,1,5,5,1,0,19,26,27,3],[0,0,0,0,0,0,2,20,77,0],[0,0,4,4,0,0,1,55,23,2],[0,0,0,0,0,0,3,35,56,0]]",0,0,0,0,0,0.07711130899190903,3.303616149902344,0,0.000006167234375,1000,1
brief3_primary_random-patches_seed_20260810,20260810,recurrent,36,1568,1,32,random_patches,0.25,0.079,22.44155266528372,0.07032048244296708,"[0.0,0.0,0.12931034482758622,0.028037383177570093,0.0,0.0,0.21839080459770116,0.1919191919191919,0.25842696629213485,0.0]","[[0,0,3,2,0,0,49,1,12,18],[0,0,9,5,0,0,0,107,5,0],[0,0,15,10,0,0,1,55,35,0],[0,1,18,3,0,0,1,22,53,9],[0,0,0,0,0,0,19,35,56,0],[0,0,3,3,1,0,9,28,39,4],[0,1,5,5,1,0,19,26,27,3],[0,0,0,0,0,0,2,19,78,0],[0,0,3,4,0,0,1,56,23,2],[0,0,0,0,0,0,3,35,56,0]]",1,0,0,0,0,0.04797870641946793,7.759832954406738,0,0.000006167234375,828,0.828
brief3_primary_clean_seed_20260811,20260811,recurrent,36,1568,1,1,clean,0,0.068,2.3931719079473095,2.195907000965933,"[0.0,0.0,0.09482758620689656,0.009345794392523364,0.0,0.0,0.20689655172413793,0.18181818181818185,0.2247191011235955,0.0]","[[0,0,2,1,0,0,49,1,11,21],[0,0,1,0,0,0,0,123,2,0],[0,2,11,9,0,0,2,49,43,0],[0,2,14,1,0,0,1,24,57,8],[0,0,0,0,0,0,12,31,67,0],[0,0,1,0,0,0,8,31,43,4],[0,0,5,2,0,0,18,29,28,5],[0,0,0,0,0,0,2,18,79,0],[0,0,0,0,0,0,2,67,20,0],[0,0,0,0,0,0,1,28,65,0]]",0,0,0,0,0,0.14042682147026062,0.2142109169960022,0,0.0000060903625,0,0
brief3_primary_clean_seed_20260811,20260811,recurrent,36,1568,1,2,clean,0,0.069,2.5796150888293967,1.9831307048840496,"[0.0,0.0,0.09482758620689656,0.009345794392523364,0.0,0.0,0.20689655172413793,0.18181818181818185,0.23595505617977527,0.0]","[[0,0,3,1,0,0,49,1,11,20],[0,0,1,0,0,0,0,123,2,0],[0,3,11,9,0,0,2,49,42,0],[0,2,14,1,0,0,1,24,57,8],[0,0,0,0,0,0,12,31,67,0],[0,0,1,0,0,0,8,31,43,4],[0,0,5,3,0,0,18,29,27,5],[0,0,0,0,0,0,2,18,79,0],[0,0,0,0,0,0,2,66,21,0],[0,0,0,0,0,0,1,28,65,0]]",4,1,0,0.001072961373390558,0,0.13592434215545654,0.3584580976963043,0,0.0000060903625,996,0.996
brief3_primary_clean_seed_20260811,20260811,recurrent,36,1568,1,4,clean,0,0.072,3.5104164108509894,1.2484603489648338,"[0.0,0.0,0.10344827586206896,0.009345794392523364,0.0,0.0,0.21839080459770116,0.1919191919191919,0.23595505617977527,0.0]","[[0,0,3,1,0,0,49,1,11,20],[0,0,1,0,0,0,0,123,2,0],[0,3,12,9,0,0,1,48,43,0],[0,2,14,1,0,0,1,24,57,8],[0,0,0,0,0,0,12,31,67,0],[0,0,1,0,0,0,8,31,43,4],[0,0,5,3,0,0,19,28,27,5],[0,0,0,0,0,0,2,19,78,0],[0,0,0,0,0,0,2,66,21,0],[0,0,0,0,0,0,1,28,65,0]]",2,1,0,0.001076426264800861,0,0.1280612030029297,0.7371511626243591,0,0.0000060903625,998,0.998
brief3_primary_clean_seed_20260811,20260811,recurrent,36,1568,1,8,clean,0,0.071,7.325579616191968,0.40428396408940176,"[0.0,0.0,0.10344827586206896,0.009345794392523364,0.0,0.0,0.20689655172413793,0.1919191919191919,0.23595505617977527,0.0]","[[0,0,3,1,0,0,49,1,11,20],[0,0,1,0,0,0,0,123,2,0],[0,3,12,9,0,0,1,48,43,0],[0,2,14,1,0,0,2,25,55,8],[0,0,0,0,0,0,12,30,68,0],[0,0,1,0,0,0,8,31,43,4],[0,0,5,3,0,0,18,29,27,5],[0,0,0,0,0,0,2,19,78,0],[0,0,0,0,0,0,2,66,21,0],[0,0,0,0,0,0,1,28,65,0]]",3,0,0,0,0,0.11428903156518937,1.7842730779647826,0,0.0000060903625,996,0.996
brief3_primary_clean_seed_20260811,20260811,recurrent,36,1568,1,16,clean,0,0.071,17.48105374238529,0.1374858014028641,"[0.0,0.0,0.10344827586206896,0.009345794392523364,0.0,0.0,0.20689655172413793,0.1919191919191919,0.23595505617977527,0.0]","[[0,0,2,1,0,0,50,1,11,20],[0,0,1,0,0,0,0,123,2,0],[0,2,12,9,0,0,1,47,45,0],[0,2,14,1,0,0,2,25,55,8],[0,0,0,0,0,0,12,30,68,0],[0,0,1,0,0,0,8,31,43,4],[0,0,5,4,0,0,18,29,26,5],[0,0,0,0,0,0,2,19,78,0],[0,0,0,0,0,0,2,66,21,0],[0,0,0,0,0,0,1,28,65,0]]",1,0,0,0,0,0.09081396442651749,4.584662654876709,0,0.0000060903625,996,0.996
brief3_primary_clean_seed_20260811,20260811,recurrent,36,1568,1,32,clean,0,0.072,23.83100827797405,0.05911184851517223,"[0.0,0.0,0.10344827586206896,0.009345794392523364,0.0,0.0,0.21839080459770116,0.1919191919191919,0.23595505617977527,0.0]","[[0,0,2,1,0,0,50,1,11,20],[0,0,1,0,0,0,0,123,2,0],[0,2,12,9,0,0,1,47,45,0],[0,2,14,1,0,0,2,25,55,8],[0,0,0,0,0,0,12,29,69,0],[0,0,1,0,0,0,8,31,43,4],[0,0,5,3,0,0,19,29,26,5],[0,0,0,0,0,0,2,19,78,0],[0,0,0,0,0,0,2,66,21,0],[0,0,0,0,0,0,1,28,65,0]]",0,0,0,0,0,0.05670418819785118,10.782280448913577,0,0.0000060903625,817,0.817
brief3_primary_gaussian-010_seed_20260811,20260811,recurrent,36,1568,1,1,gaussian,0.1,0.07,2.3853455478065513,2.207105255078643,"[0.0,0.0,0.11206896551724138,0.009345794392523364,0.0,0.0,0.19540229885057472,0.18181818181818185,0.23595505617977527,0.0]","[[0,0,2,0,0,0,53,0,11,19],[0,0,2,0,0,0,0,122,2,0],[0,1,13,9,0,0,2,46,45,0],[0,2,17,1,0,0,1,25,54,7],[0,0,0,0,0,0,15,31,64,0],[0,0,0,0,0,0,9,31,42,5],[0,0,7,1,0,0,17,31,27,4],[0,0,0,0,0,0,2,18,79,0],[0,0,0,0,0,0,2,66,21,0],[0,0,0,0,0,0,3,31,60,0]]",0,0,0,0,0,0.14053996610641478,0.21464707243442535,0,0.00000632220625,0,0
brief3_primary_gaussian-010_seed_20260811,20260811,recurrent,36,1568,1,2,gaussian,0.1,0.07,2.553515873868737,2.0143965921182483,"[0.0,0.0,0.11206896551724138,0.009345794392523364,0.0,0.0,0.19540229885057472,0.18181818181818185,0.23595505617977527,0.0]","[[0,0,2,0,0,0,53,0,11,19],[0,0,2,0,0,0,0,122,2,0],[0,1,13,9,0,0,2,46,45,0],[0,2,17,1,0,0,1,25,54,7],[0,0,0,0,0,0,15,31,64,0],[0,0,0,0,0,0,9,31,42,5],[0,0,7,1,0,0,17,31,27,4],[0,0,0,0,0,0,2,18,79,0],[0,0,0,0,0,0,2,66,21,0],[0,0,0,0,0,0,3,31,60,0]]",0,0,0,0,0,0.1359794019460678,0.3590674965381622,0,0.00000632220625,1000,1
brief3_primary_gaussian-010_seed_20260811,20260811,recurrent,36,1568,1,4,gaussian,0.1,0.07,3.405209198536028,1.310869123198054,"[0.0,0.0,0.11206896551724138,0.009345794392523364,0.0,0.0,0.19540229885057472,0.18181818181818185,0.23595505617977527,0.0]","[[0,0,2,0,0,0,52,0,12,19],[0,0,2,0,0,0,0,122,2,0],[0,1,13,9,0,0,2,46,45,0],[0,2,17,1,0,0,1,25,54,7],[0,0,0,0,0,0,15,31,64,0],[0,0,0,0,0,0,9,31,42,5],[0,0,6,1,0,0,17,31,28,4],[0,0,0,0,0,0,2,18,79,0],[0,0,0,0,0,0,2,66,21,0],[0,0,0,0,0,0,3,31,60,0]]",0,0,0,0,0,0.12803520214557648,0.7379198198318482,0,0.00000632220625,1000,1
brief3_primary_gaussian-010_seed_20260811,20260811,recurrent,36,1568,1,8,gaussian,0.1,0.069,6.9951245488340765,0.43313426820652584,"[0.0,0.0,0.11206896551724138,0.009345794392523364,0.0,0.0,0.19540229885057472,0.18181818181818185,0.2247191011235955,0.0]","[[0,0,2,0,0,0,53,0,11,19],[0,0,2,0,0,0,0,122,2,0],[0,1,13,9,0,0,2,46,45,0],[0,2,17,1,0,0,1,25,54,7],[0,0,0,0,0,0,15,31,64,0],[0,0,0,0,0,0,9,31,42,5],[0,0,6,1,0,0,17,31,28,4],[0,0,0,0,0,0,2,18,79,0],[0,0,0,0,0,0,2,67,20,0],[0,0,0,0,0,0,4,31,59,0]]",0,0,0,0,0,0.11422271645069122,1.78445125579834,0,0.00000632220625,999,0.999
brief3_primary_gaussian-010_seed_20260811,20260811,recurrent,36,1568,1,16,gaussian,0.1,0.07,16.9101675878387,0.14681325207198867,"[0.0,0.0,0.1206896551724138,0.009345794392523364,0.0,0.0,0.19540229885057472,0.18181818181818185,0.2247191011235955,0.0]","[[0,0,2,0,0,0,52,0,11,20],[0,0,2,0,0,0,0,122,2,0],[0,1,14,9,0,0,1,46,45,0],[0,2,17,1,0,0,1,25,54,7],[0,0,0,0,0,0,15,30,65,0],[0,0,0,0,0,0,9,31,42,5],[0,0,6,1,0,0,17,31,28,4],[0,0,0,0,0,0,2,18,79,0],[0,0,0,0,0,0,2,67,20,0],[0,0,0,0,0,0,3,31,60,0]]",0,0,0,0,0,0.09083799356222153,4.582058246612549,0,0.00000632220625,999,0.999
brief3_primary_gaussian-010_seed_20260811,20260811,recurrent,36,1568,1,32,gaussian,0.1,0.069,23.695302218358627,0.06202418174837147,"[0.0,0.0,0.1206896551724138,0.009345794392523364,0.0,0.0,0.19540229885057472,0.18181818181818185,0.21348314606741572,0.0]","[[0,0,2,0,0,0,51,0,12,20],[0,0,2,0,0,0,0,122,2,0],[0,1,14,9,0,0,1,46,45,0],[0,2,17,1,0,0,1,25,54,7],[0,0,0,0,0,0,15,30,65,0],[0,0,0,0,0,0,9,31,42,5],[0,0,6,0,0,0,17,32,28,4],[0,0,0,0,0,0,2,18,79,0],[0,0,0,0,0,0,2,68,19,0],[0,0,0,0,0,0,3,30,61,0]]",0,0,0,0,0,0.05690290656685829,10.781032012939454,0,0.00000632220625,847,0.847
brief3_primary_gaussian-020_seed_20260811,20260811,recurrent,36,1568,1,1,gaussian,0.2,0.067,2.3762856330226128,2.2192243960962004,"[0.0,0.0,0.10344827586206896,0.009345794392523364,0.0,0.0,0.1724137931034483,0.1717171717171717,0.24719101123595505,0.0]","[[0,0,1,1,0,0,51,0,10,22],[0,0,2,0,0,0,0,124,0,0],[0,1,12,8,0,0,3,47,45,0],[0,2,18,1,0,0,1,25,54,6],[0,0,0,0,0,0,18,32,60,0],[0,0,0,1,0,0,6,34,41,5],[0,0,7,3,0,0,15,29,27,6],[0,0,0,0,0,0,2,17,80,0],[0,0,0,1,0,0,2,64,22,0],[0,0,0,0,0,0,4,32,58,0]]",0,0,0,0,0,0.14685139000415803,0.2335760643482208,0,0.0000057069500000000005,0,0
brief3_primary_gaussian-020_seed_20260811,20260811,recurrent,36,1568,1,2,gaussian,0.2,0.066,2.5242718415412133,2.0489861767765984,"[0.0,0.0,0.10344827586206896,0.009345794392523364,0.0,0.0,0.16091954022988506,0.1717171717171717,0.24719101123595505,0.0]","[[0,0,1,1,0,0,51,0,10,22],[0,0,2,0,0,0,0,124,0,0],[0,1,12,8,0,0,3,47,45,0],[0,2,18,1,0,0,1,25,54,6],[0,0,0,0,0,0,18,32,60,0],[0,0,0,1,0,0,6,34,41,5],[0,0,7,3,0,0,14,29,28,6],[0,0,0,0,0,0,2,17,80,0],[0,0,0,1,0,0,2,64,22,0],[0,0,0,0,0,0,4,32,58,0]]",1,0,1,0,0.014925373134328358,0.14204232251644133,0.3909284298419952,0,0.0000057069500000000005,999,0.999
brief3_primary_gaussian-020_seed_20260811,20260811,recurrent,36,1568,1,4,gaussian,0.2,0.067,3.285804732553601,1.388006054767388,"[0.0,0.0,0.10344827586206896,0.009345794392523364,0.0,0.0,0.16091954022988506,0.18181818181818185,0.24719101123595505,0.0]","[[0,0,1,1,0,0,51,0,10,22],[0,0,2,0,0,0,0,124,0,0],[0,1,12,8,0,0,3,47,45,0],[0,2,18,1,0,0,1,25,54,6],[0,0,0,0,0,0,18,32,60,0],[0,0,0,1,0,0,6,34,41,5],[0,0,7,3,0,0,14,29,28,6],[0,0,0,0,0,0,2,18,79,0],[0,0,0,1,0,0,2,64,22,0],[0,0,0,0,0,0,4,33,57,0]]",0,0,0,0,0,0.13362752151489257,0.8034865889549255,0,0.0000057069500000000005,1000,1
brief3_primary_gaussian-020_seed_20260811,20260811,recurrent,36,1568,1,8,gaussian,0.2,0.067,6.608927682558986,0.47225818594194424,"[0.0,0.0,0.10344827586206896,0.009345794392523364,0.0,0.0,0.16091954022988506,0.18181818181818185,0.24719101123595505,0.0]","[[0,0,2,1,0,0,50,0,10,22],[0,0,2,0,0,0,0,123,1,0],[0,1,12,8,0,0,3,47,45,0],[0,2,19,1,0,0,1,25,53,6],[0,0,0,0,0,0,18,32,60,0],[0,0,0,1,0,0,6,34,41,5],[0,0,7,3,0,0,14,29,28,6],[0,0,0,0,0,0,2,18,79,0],[0,0,0,1,0,0,2,64,22,0],[0,0,0,0,0,0,4,33,57,0]]",1,0,0,0,0,0.1190481622815132,1.9415583782196044,0,0.0000057069500000000005,999,0.999
brief3_primary_gaussian-020_seed_20260811,20260811,recurrent,36,1568,1,16,gaussian,0.2,0.067,16.153027325499718,0.154605832167193,"[0.0,0.0,0.10344827586206896,0.009345794392523364,0.0,0.0,0.16091954022988506,0.18181818181818185,0.24719101123595505,0.0]","[[0,0,2,1,0,0,50,0,10,22],[0,0,2,0,0,0,0,123,1,0],[0,1,12,8,0,0,3,46,46,0],[0,2,19,1,0,0,1,26,52,6],[0,0,0,0,0,0,17,32,61,0],[0,0,0,1,0,0,6,34,41,5],[0,0,7,3,0,0,14,29,28,6],[0,0,0,0,0,0,2,18,79,0],[0,0,0,1,0,0,2,64,22,0],[0,0,0,0,0,0,4,32,58,0]]",1,0,0,0,0,0.09453671133518218,4.978116928100586,0,0.0000057069500000000005,997,0.997
brief3_primary_gaussian-020_seed_20260811,20260811,recurrent,36,1568,1,32,gaussian,0.2,0.066,23.46017884907086,0.06522788221355916,"[0.0,0.0,0.10344827586206896,0.009345794392523364,0.0,0.0,0.14942528735632185,0.18181818181818185,0.24719101123595505,0.0]","[[0,0,1,1,0,0,51,0,10,22],[0,0,2,0,0,0,0,123,1,0],[0,1,12,8,0,0,3,46,46,0],[0,2,19,1,0,0,1,26,52,6],[0,0,0,0,0,0,16,32,62,0],[0,0,0,1,0,0,6,34,41,5],[0,0,7,3,0,0,13,29,29,6],[0,0,0,0,0,0,2,18,79,0],[0,0,0,1,0,0,2,64,22,0],[0,0,0,0,0,0,4,31,59,0]]",0,0,0,0,0,0.059080889493227005,11.692760040283202,0,0.0000057069500000000005,874,0.874
brief3_primary_gaussian-030_seed_20260811,20260811,recurrent,36,1568,1,1,gaussian,0.3,0.068,2.367444695271398,2.230844883886794,"[0.0,0.0,0.11206896551724138,0.009345794392523364,0.0,0.0,0.14942528735632185,0.18181818181818185,0.25842696629213485,0.0]","[[0,0,2,1,0,0,49,0,10,23],[0,0,3,0,0,0,0,122,1,0],[0,2,13,7,0,0,2,46,46,0],[0,1,13,1,0,0,2,26,57,7],[0,0,0,0,0,0,19,34,57,0],[0,0,0,1,0,0,6,33,42,5],[0,0,7,3,0,0,13,27,30,7],[0,0,0,0,0,0,2,18,79,0],[0,0,1,1,0,0,2,62,23,0],[0,0,0,0,0,0,5,32,57,0]]",0,0,0,0,0,0.15879920625686644,0.2715933678150177,0,0.00000657295,0,0
brief3_primary_gaussian-030_seed_20260811,20260811,recurrent,36,1568,1,2,gaussian,0.3,0.068,2.495836225554461,2.0833077146114545,"[0.0,0.0,0.11206896551724138,0.009345794392523364,0.0,0.0,0.14942528735632185,0.18181818181818185,0.25842696629213485,0.0]","[[0,0,2,2,0,0,48,0,10,23],[0,0,3,0,0,0,0,122,1,0],[0,2,13,7,0,0,2,46,46,0],[0,1,13,1,0,0,2,26,57,7],[0,0,0,0,0,0,19,34,57,0],[0,0,0,1,0,0,6,33,42,5],[0,0,7,3,0,0,13,27,30,7],[0,0,0,0,0,0,2,18,79,0],[0,0,1,1,0,0,2,62,23,0],[0,0,0,0,0,0,5,32,57,0]]",1,0,0,0,0,0.15359517788887023,0.45509144353866576,0,0.00000657295,999,0.999
brief3_primary_gaussian-030_seed_20260811,20260811,recurrent,36,1568,1,4,gaussian,0.3,0.069,3.1652636036354105,1.4754474021732114,"[0.0,0.0,0.1206896551724138,0.009345794392523364,0.0,0.0,0.14942528735632185,0.18181818181818185,0.25842696629213485,0.0]","[[0,0,2,2,0,0,48,0,10,23],[0,0,3,0,0,0,0,122,1,0],[0,2,14,7,0,0,2,45,46,0],[0,1,13,1,0,0,2,26,57,7],[0,0,0,0,0,0,19,34,57,0],[0,0,0,1,0,0,6,33,42,5],[0,1,7,3,0,0,13,27,29,7],[0,0,0,0,0,0,2,18,79,0],[0,0,1,1,0,0,2,62,23,0],[0,0,0,0,0,0,5,32,57,0]]",1,0,0,0,0,0.14441035640239716,0.9362843022346496,0,0.00000657295,999,0.999
brief3_primary_gaussian-030_seed_20260811,20260811,recurrent,36,1568,1,8,gaussian,0.3,0.069,6.198129565640582,0.5273170903195836,"[0.0,0.0,0.1206896551724138,0.009345794392523364,0.0,0.0,0.14942528735632185,0.18181818181818185,0.25842696629213485,0.0]","[[0,0,2,2,0,0,48,0,10,23],[0,0,3,0,0,0,0,122,1,0],[0,2,14,7,0,0,2,45,46,0],[0,1,13,1,0,0,2,26,57,7],[0,0,0,0,0,0,19,32,59,0],[0,0,0,1,0,0,6,33,42,5],[0,1,7,3,0,0,13,27,29,7],[0,0,0,0,0,0,2,18,79,0],[0,0,1,1,0,0,2,62,23,0],[0,0,0,0,0,0,5,32,57,0]]",0,0,0,0,0,0.12847206437587738,2.262725942611694,0,0.00000657295,1000,1
brief3_primary_gaussian-030_seed_20260811,20260811,recurrent,36,1568,1,16,gaussian,0.3,0.068,15.23616774714509,0.1705831444217299,"[0.0,0.0,0.11206896551724138,0.009345794392523364,0.0,0.0,0.14942528735632185,0.18181818181818185,0.25842696629213485,0.0]","[[0,0,2,2,0,0,48,0,10,23],[0,0,3,0,0,0,0,122,1,0],[0,2,13,7,0,0,2,46,46,0],[0,1,14,1,0,0,2,26,56,7],[0,0,0,0,0,0,19,32,59,0],[0,0,0,1,0,0,6,33,42,5],[0,1,7,3,0,0,13,27,29,7],[0,0,0,0,0,0,2,18,79,0],[0,0,1,1,0,0,2,62,23,0],[0,0,0,0,0,0,5,32,57,0]]",0,0,0,0,0,0.10181866371631622,5.795619216918945,0,0.00000657295,999,0.999
brief3_primary_gaussian-030_seed_20260811,20260811,recurrent,36,1568,1,32,gaussian,0.3,0.068,23.11529856424167,0.06865978015680808,"[0.0,0.0,0.11206896551724138,0.009345794392523364,0.0,0.0,0.14942528735632185,0.18181818181818185,0.25842696629213485,0.0]","[[0,0,2,2,0,0,48,0,10,23],[0,0,3,0,0,0,0,122,1,0],[0,2,13,7,0,0,2,46,46,0],[0,1,14,1,0,0,2,26,56,7],[0,0,0,0,0,0,19,31,60,0],[0,0,0,1,0,0,6,33,42,5],[0,1,7,3,0,0,13,27,29,7],[0,0,0,0,0,0,2,18,79,0],[0,0,1,1,0,0,2,62,23,0],[0,0,0,0,0,0,5,32,57,0]]",0,0,0,0,0,0.06349153572320938,13.588549072265623,0,0.00000657295,890,0.89
brief3_primary_gaussian-040_seed_20260811,20260811,recurrent,36,1568,1,1,gaussian,0.4,0.065,2.359396498051431,2.2411311358621644,"[0.0,0.0,0.11206896551724138,0.009345794392523364,0.0,0.0,0.10344827586206896,0.18181818181818185,0.2696629213483146,0.0]","[[0,0,3,2,0,0,50,0,8,22],[0,0,5,1,0,0,0,117,3,0],[0,2,13,8,0,0,3,45,45,0],[0,1,13,1,0,0,2,24,59,7],[0,0,0,0,0,0,22,33,55,0],[0,0,1,1,0,0,7,33,42,3],[0,1,8,3,0,0,9,26,32,8],[0,0,0,0,1,0,2,18,78,0],[0,0,1,2,0,0,2,60,24,0],[0,0,0,0,0,0,6,34,54,0]]",0,0,0,0,0,0.1743675481081009,0.32556009221076965,0,0.000006665296875,0,0
brief3_primary_gaussian-040_seed_20260811,20260811,recurrent,36,1568,1,2,gaussian,0.4,0.065,2.4700955916217633,2.1149745929958805,"[0.0,0.0,0.11206896551724138,0.009345794392523364,0.0,0.0,0.10344827586206896,0.18181818181818185,0.2696629213483146,0.0]","[[0,0,3,2,0,0,50,0,8,22],[0,0,5,1,0,0,0,117,3,0],[0,2,13,8,0,0,3,45,45,0],[0,1,13,1,0,0,2,24,59,7],[0,0,0,0,0,0,22,33,55,0],[0,0,1,1,0,0,7,33,42,3],[0,1,8,4,0,0,9,25,32,8],[0,0,0,0,1,0,2,18,78,0],[0,0,1,2,0,0,2,60,24,0],[0,0,0,0,0,0,6,34,54,0]]",1,0,0,0,0,0.16869087767601013,0.546275493144989,0,0.000006665296875,999,0.999
brief3_primary_gaussian-040_seed_20260811,20260811,recurrent,36,1568,1,4,gaussian,0.4,0.065,3.0513242908441836,1.5687192969556456,"[0.0,0.0,0.11206896551724138,0.009345794392523364,0.0,0.0,0.10344827586206896,0.18181818181818185,0.2696629213483146,0.0]","[[0,0,3,2,0,0,50,0,8,22],[0,0,5,1,0,0,0,117,3,0],[0,2,13,8,0,0,3,45,45,0],[0,1,13,1,0,0,2,24,59,7],[0,0,0,0,0,0,22,33,55,0],[0,0,1,1,0,0,7,33,42,3],[0,1,8,4,0,0,9,25,32,8],[0,0,0,0,1,0,2,18,78,0],[0,0,1,2,0,0,3,59,24,0],[0,0,0,0,0,0,6,34,54,0]]",0,0,0,0,0,0.1585822855234146,1.1254821090698242,0,0.000006665296875,1000,1
brief3_primary_gaussian-040_seed_20260811,20260811,recurrent,36,1568,1,8,gaussian,0.4,0.065,5.781992320092719,0.6034020628493647,"[0.0,0.0,0.11206896551724138,0.009345794392523364,0.0,0.0,0.11494252873563218,0.1717171717171717,0.2696629213483146,0.0]","[[0,0,3,2,0,0,49,0,9,22],[0,0,5,1,0,0,0,117,3,0],[0,2,13,8,0,0,3,45,45,0],[0,1,13,1,0,0,2,24,59,7],[0,0,0,0,0,0,22,33,55,0],[0,0,1,1,0,0,7,33,42,3],[0,1,7,4,0,0,10,26,31,8],[0,0,0,0,1,0,2,17,79,0],[0,0,1,2,0,0,3,59,24,0],[0,0,0,0,0,0,6,33,55,0]]",1,0,0,0,0,0.1409590835571289,2.722235095977783,0,0.000006665296875,999,0.999
brief3_primary_gaussian-040_seed_20260811,20260811,recurrent,36,1568,1,16,gaussian,0.4,0.066,14.179374218314996,0.1985585375758489,"[0.0,0.0,0.1206896551724138,0.009345794392523364,0.0,0.0,0.11494252873563218,0.1717171717171717,0.2696629213483146,0.0]","[[0,0,3,2,0,0,48,0,9,23],[0,0,5,1,0,0,0,117,3,0],[0,1,14,8,0,0,3,45,45,0],[0,1,13,1,0,0,2,24,59,7],[0,0,0,0,0,0,22,33,55,0],[0,0,1,1,0,0,7,33,42,3],[0,1,7,4,0,0,10,26,31,8],[0,0,0,0,1,0,2,17,79,0],[0,0,1,2,0,0,2,60,24,0],[0,0,0,0,0,0,6,33,55,0]]",0,0,0,0,0,0.11154603534936904,6.970813053131104,0,0.000006665296875,999,0.999
brief3_primary_gaussian-040_seed_20260811,20260811,recurrent,36,1568,1,32,gaussian,0.4,0.065,22.584076332686152,0.08409617914864496,"[0.0,0.0,0.11206896551724138,0.009345794392523364,0.0,0.0,0.11494252873563218,0.1717171717171717,0.2696629213483146,0.0]","[[0,0,3,2,0,0,48,0,9,23],[0,0,3,1,0,0,0,119,3,0],[0,2,13,8,0,0,3,45,45,0],[0,1,13,1,0,0,2,24,59,7],[0,0,0,0,0,0,22,33,55,0],[0,0,1,1,0,0,7,33,42,3],[0,1,7,4,0,0,10,26,31,8],[0,0,0,0,1,0,2,17,79,0],[0,0,1,2,0,0,2,60,24,0],[0,0,0,0,0,0,6,33,55,0]]",0,0,0,0,0,0.06943552994728089,16.324322494506838,0,0.000006665296875,918,0.918
brief3_primary_occlusion-010_seed_20260811,20260811,recurrent,36,1568,1,1,occlusion,0.1,0.073,2.372160204349333,2.214383242864427,"[0.0,0.0,0.13793103448275862,0.009345794392523364,0.0,0.0,0.14942528735632185,0.21212121212121213,0.24719101123595505,0.0]","[[0,0,2,0,0,1,46,2,11,23],[0,0,9,12,1,0,0,102,2,0],[0,2,16,15,0,0,1,40,42,0],[0,4,19,1,0,0,1,26,48,8],[0,0,0,1,0,0,16,26,66,1],[0,0,2,4,1,0,6,29,42,3],[0,0,9,11,0,0,13,19,26,9],[0,0,0,1,0,0,2,21,71,4],[0,0,1,4,0,0,1,59,22,2],[0,0,0,1,0,0,6,27,60,0]]",0,0,0,0,0,0.1274715881347656,0.17613704073429107,0,0.000006182034375,0,0
brief3_primary_occlusion-010_seed_20260811,20260811,recurrent,36,1568,1,2,occlusion,0.1,0.074,2.523928124366753,2.03303626554794,"[0.0,0.0,0.13793103448275862,0.009345794392523364,0.0,0.0,0.14942528735632185,0.21212121212121213,0.25842696629213485,0.0]","[[0,0,2,0,0,1,46,2,11,23],[0,0,9,12,1,0,0,102,2,0],[0,3,16,15,0,0,1,40,41,0],[0,4,19,1,0,0,1,26,48,8],[0,0,0,1,0,0,16,26,66,1],[0,0,2,4,1,0,6,29,42,3],[0,0,9,11,0,0,13,19,26,9],[0,0,0,1,0,0,3,21,71,3],[0,0,1,4,0,0,1,58,23,2],[0,0,0,1,0,0,6,27,60,0]]",3,1,0,0.0010787486515641857,0,0.12338101387023924,0.2948760769367218,0,0.000006182034375,996,0.996
brief3_primary_occlusion-010_seed_20260811,20260811,recurrent,36,1568,1,4,occlusion,0.1,0.074,3.30929496145501,1.3710278662689694,"[0.0,0.0,0.13793103448275862,0.009345794392523364,0.0,0.0,0.14942528735632185,0.21212121212121213,0.25842696629213485,0.0]","[[0,0,2,0,0,1,46,2,11,23],[0,0,9,12,1,0,0,102,2,0],[0,3,16,15,0,0,1,40,41,0],[0,4,19,1,0,0,1,26,48,8],[0,0,0,1,0,0,16,26,66,1],[0,0,2,4,1,0,6,29,42,3],[0,0,9,11,0,0,13,19,26,9],[0,0,0,1,0,0,3,21,72,2],[0,0,1,4,0,0,1,58,23,2],[0,0,0,1,0,0,6,27,60,0]]",0,0,0,0,0,0.11621935963630677,0.6066240468025208,0,0.000006182034375,999,0.999
brief3_primary_occlusion-010_seed_20260811,20260811,recurrent,36,1568,1,8,occlusion,0.1,0.074,6.653153890773572,0.5152611470857216,"[0.0,0.0,0.13793103448275862,0.009345794392523364,0.0,0.0,0.14942528735632185,0.21212121212121213,0.25842696629213485,0.0]","[[0,0,2,0,0,1,46,2,11,23],[0,0,9,12,1,0,0,102,2,0],[0,3,16,15,0,0,1,40,41,0],[0,4,19,1,0,0,1,27,47,8],[0,0,0,1,0,0,16,26,66,1],[0,0,2,4,1,0,6,29,42,3],[0,0,9,11,0,0,13,18,27,9],[0,0,0,1,0,0,3,21,72,2],[0,0,1,4,0,0,1,58,23,2],[0,0,1,1,0,0,6,27,59,0]]",0,0,0,0,0,0.10367776530981064,1.4684570026397703,0,0.000006182034375,999,0.999
brief3_primary_occlusion-010_seed_20260811,20260811,recurrent,36,1568,1,16,occlusion,0.1,0.075,15.83997274507426,0.1885021547914735,"[0.0,0.0,0.14655172413793102,0.009345794392523364,0.0,0.0,0.14942528735632185,0.21212121212121213,0.25842696629213485,0.0]","[[0,0,2,0,0,1,46,2,11,23],[0,0,9,12,1,0,0,102,2,0],[0,2,17,15,0,0,1,38,43,0],[0,4,19,1,0,0,1,27,47,8],[0,0,0,1,0,0,16,26,66,1],[0,0,2,4,1,0,6,29,42,3],[0,0,9,11,0,0,13,18,27,9],[0,0,0,1,0,0,3,21,72,2],[0,0,1,4,0,0,1,58,23,2],[0,0,1,1,0,0,6,27,59,0]]",0,0,0,0,0,0.08234509307146072,3.772206647872925,0,0.000006182034375,996,0.996
brief3_primary_occlusion-010_seed_20260811,20260811,recurrent,36,1568,1,32,occlusion,0.1,0.076,22.61511039610814,0.08693004554507704,"[0.0,0.0,0.14655172413793102,0.009345794392523364,0.0,0.0,0.16091954022988506,0.21212121212121213,0.25842696629213485,0.0]","[[0,0,2,0,0,1,45,2,11,24],[0,0,9,12,1,0,0,102,2,0],[0,2,17,14,0,0,1,39,43,0],[0,4,19,1,0,0,1,27,47,8],[0,0,0,1,0,0,15,25,68,1],[0,0,2,4,1,0,6,29,42,3],[0,0,9,10,0,0,14,18,27,9],[0,0,0,1,0,0,3,21,72,2],[0,0,1,4,0,0,1,58,23,2],[0,0,1,1,0,0,6,27,59,0]]",0,0,0,0,0,0.05139978751540184,8.867822723388672,0,0.000006182034375,826,0.826
brief3_primary_occlusion-025_seed_20260811,20260811,recurrent,36,1568,1,1,occlusion,0.25,0.096,2.3332259930707746,2.2548521708183937,"[0.0,0.015873015873015872,0.28448275862068967,0.009345794392523364,0.01818181818181818,0.0,0.10344827586206896,0.202020202020202,0.2808988764044944,0.0425531914893617]","[[0,0,7,4,0,2,32,1,11,28],[0,2,33,33,1,0,0,50,6,1],[0,8,33,22,0,0,6,19,24,4],[0,8,37,1,0,1,5,5,43,7],[0,3,5,7,2,1,28,15,45,4],[0,1,6,9,11,0,7,15,30,8],[0,0,13,24,2,0,9,10,19,10],[0,0,7,3,0,0,6,20,43,20],[0,0,10,20,0,0,9,23,25,2],[0,0,5,5,0,0,20,18,42,4]]",0,0,0,0,0,0.10175042885541916,0.11184022277593612,0,0.000006580021875,0,0
brief3_primary_occlusion-025_seed_20260811,20260811,recurrent,36,1568,1,2,occlusion,0.25,0.096,2.4122791389227616,2.1494245273479793,"[0.0,0.015873015873015872,0.28448275862068967,0.009345794392523364,0.01818181818181818,0.0,0.10344827586206896,0.21212121212121213,0.2808988764044944,0.031914893617021274]","[[0,0,7,4,0,2,32,1,11,28],[0,2,33,33,1,0,0,50,7,0],[0,8,33,22,0,0,6,19,24,4],[0,8,37,1,0,1,5,5,43,7],[0,3,5,7,2,1,27,15,46,4],[0,1,6,9,12,0,8,15,30,6],[0,0,13,24,2,0,9,10,19,10],[0,2,10,6,0,1,7,21,44,8],[0,0,10,20,0,0,9,23,25,2],[0,0,6,5,0,0,20,18,42,3]]",17,1,1,0.0011061946902654867,0.010416666666666666,0.0984733002781868,0.18736438632011412,0,0.000006580021875,975,0.975
brief3_primary_occlusion-025_seed_20260811,20260811,recurrent,36,1568,1,4,occlusion,0.25,0.093,2.8594902782975007,1.7153750165104102,"[0.0,0.015873015873015872,0.28448275862068967,0.009345794392523364,0.01818181818181818,0.0,0.10344827586206896,0.21212121212121213,0.2696629213483146,0.010638297872340424]","[[0,0,7,4,0,2,32,1,11,28],[0,2,33,33,1,0,0,51,6,0],[0,8,33,22,0,0,6,19,25,3],[0,8,37,1,0,1,5,5,43,7],[0,3,5,7,2,1,27,15,47,3],[0,1,6,9,12,0,8,15,31,5],[0,0,13,24,2,0,9,10,19,10],[0,3,10,6,0,3,7,21,46,3],[0,0,10,20,0,0,9,24,24,2],[0,0,6,5,0,0,20,18,44,1]]",2,0,0,0,0,0.09271644014120102,0.38565239000320434,0,0.000006580021875,990,0.99
brief3_primary_occlusion-025_seed_20260811,20260811,recurrent,36,1568,1,8,occlusion,0.25,0.093,4.95788190127632,0.9696954668752256,"[0.0,0.015873015873015872,0.28448275862068967,0.009345794392523364,0.01818181818181818,0.0,0.10344827586206896,0.21212121212121213,0.2696629213483146,0.010638297872340424]","[[0,0,7,4,0,2,32,1,11,28],[0,2,33,33,1,0,0,51,6,0],[0,8,33,22,0,0,6,19,25,3],[0,8,37,1,0,1,5,5,43,7],[0,3,5,7,2,1,27,15,47,3],[0,1,6,9,12,0,8,15,31,5],[0,0,13,24,2,0,9,10,19,10],[0,3,10,6,0,2,8,21,46,3],[0,0,10,20,0,0,9,24,24,2],[0,0,6,5,0,0,20,18,44,1]]",0,0,0,0,0,0.08265012407302856,0.9335701665878297,0,0.000006580021875,995,0.995
brief3_primary_occlusion-025_seed_20260811,20260811,recurrent,36,1568,1,16,occlusion,0.25,0.093,11.194075984867538,0.5122776145982747,"[0.0,0.015873015873015872,0.28448275862068967,0.009345794392523364,0.01818181818181818,0.0,0.10344827586206896,0.21212121212121213,0.2696629213483146,0.010638297872340424]","[[0,0,7,4,0,2,32,1,11,28],[0,2,33,34,1,0,0,50,6,0],[0,8,33,22,0,0,6,19,25,3],[0,8,37,1,0,1,5,5,43,7],[0,3,5,7,2,1,27,15,47,3],[0,1,7,9,11,0,8,15,31,5],[0,0,13,24,2,0,9,10,19,10],[0,3,12,5,0,2,8,21,44,4],[0,0,10,20,0,0,9,24,24,2],[0,0,6,5,0,0,20,19,43,1]]",1,0,0,0,0,0.06559774649143219,2.396972980499267,0,0.000006580021875,997,0.997
brief3_primary_occlusion-025_seed_20260811,20260811,recurrent,36,1568,1,32,occlusion,0.25,0.099,17.45407619163634,0.3441260915673697,"[0.0,0.015873015873015872,0.29310344827586204,0.009345794392523364,0.01818181818181818,0.0,0.11494252873563218,0.24242424242424243,0.2696629213483146,0.02127659574468085]","[[0,0,7,4,0,2,32,1,11,28],[0,2,33,34,1,0,0,50,6,0],[0,8,34,21,0,0,6,19,25,3],[0,8,37,1,0,1,5,5,43,7],[0,3,5,7,2,1,27,15,47,3],[0,1,7,11,9,0,7,16,31,5],[0,0,13,23,2,0,10,10,19,10],[0,4,12,3,0,0,9,24,43,4],[0,0,10,20,0,0,9,24,24,2],[0,0,5,5,0,0,20,20,42,2]]",1,0,0,0,0,0.040929398745298384,5.631030899047851,0,0.000006580021875,862,0.862
brief3_primary_occlusion-040_seed_20260811,20260811,recurrent,36,1568,1,1,occlusion,0.4,0.108,2.299894609464189,2.2861383526366854,"[0.0,0.007936507936507936,0.31896551724137934,0.0,0.12727272727272726,0.0,0.11494252873563218,0.010101010101010102,0.10112359550561796,0.3829787234042553]","[[0,0,11,7,1,3,20,0,10,33],[0,1,37,33,1,0,0,10,1,43],[0,10,37,19,2,1,10,4,4,29],[1,12,45,0,0,1,2,1,18,27],[1,3,9,13,14,3,18,0,15,34],[0,0,6,10,25,0,10,1,12,23],[0,2,13,29,2,0,10,0,5,26],[0,8,5,3,0,1,14,1,13,54],[0,3,18,28,2,0,7,1,9,21],[0,0,12,5,0,1,17,2,21,36]]",0,0,0,0,0,0.06968931055068969,0.05209523138403893,0,0.000006838534374999999,0,0
brief3_primary_occlusion-040_seed_20260811,20260811,recurrent,36,1568,1,2,occlusion,0.4,0.107,2.318483003219945,2.247708475438203,"[0.0,0.007936507936507936,0.3103448275862069,0.0,0.15454545454545454,0.0,0.11494252873563218,0.020202020202020204,0.12359550561797752,0.3191489361702128]","[[0,0,11,7,1,3,20,0,11,32],[0,1,37,33,1,0,1,16,5,32],[0,10,36,19,2,1,11,8,6,23],[1,14,45,0,0,1,2,1,18,25],[1,3,9,13,17,3,18,0,23,23],[0,0,6,10,27,0,10,2,13,19],[0,2,13,29,2,0,10,0,6,25],[1,14,8,4,1,3,16,2,16,34],[0,3,19,27,2,0,10,3,11,14],[0,0,13,6,1,1,17,3,23,30]]",72,6,7,0.006726457399103139,0.06481481481481481,0.06744136834144593,0.08741096413135528,0,0.000006838534374999999,772,0.772
brief3_primary_occlusion-040_seed_20260811,20260811,recurrent,36,1568,1,4,occlusion,0.4,0.101,2.462434736280618,2.059426190636388,"[0.0,0.007936507936507936,0.3103448275862069,0.0,0.15454545454545454,0.0,0.11494252873563218,0.06060606060606061,0.15730337078651685,0.18085106382978725]","[[0,0,11,7,1,3,20,0,11,32],[0,1,37,33,1,0,1,22,20,11],[0,11,36,19,2,1,11,13,6,17],[1,14,45,0,0,3,2,3,21,18],[1,3,9,13,17,3,19,2,28,15],[0,0,6,10,27,0,10,4,18,12],[0,2,13,29,2,0,10,1,9,21],[1,19,8,4,1,4,17,6,20,19],[0,3,19,27,2,0,10,8,14,6],[0,0,14,6,0,1,17,4,35,17]]",34,5,2,0.005543237250554324,0.02040816326530612,0.06345727795362473,0.18016092944145204,0,0.000006838534374999999,841,0.841
brief3_primary_occlusion-040_seed_20260811,20260811,recurrent,36,1568,1,8,occlusion,0.4,0.098,3.30118561340109,1.605248764761568,"[0.0,0.007936507936507936,0.3103448275862069,0.0,0.15454545454545454,0.0,0.11494252873563218,0.101010101010101,0.1797752808988764,0.0851063829787234]","[[0,0,11,7,1,3,21,3,11,28],[0,1,37,33,1,0,4,30,20,0],[0,11,36,19,2,1,11,14,6,16],[1,14,45,0,0,3,5,4,22,13],[1,3,9,13,17,3,20,5,29,10],[0,0,6,11,26,0,10,4,19,11],[0,2,13,29,2,0,10,1,9,21],[1,19,7,4,1,4,22,10,23,8],[0,3,19,27,2,0,10,8,16,4],[0,0,14,6,0,1,18,12,35,8]]",6,1,1,0.0011086474501108647,0.01020408163265306,0.05648837813735008,0.4362844176292419,0,0.000006838534374999999,853,0.853
brief3_primary_occlusion-040_seed_20260811,20260811,recurrent,36,1568,1,16,occlusion,0.4,0.097,6.174695433178163,1.2166112113087926,"[0.0,0.007936507936507936,0.3103448275862069,0.0,0.14545454545454545,0.0,0.11494252873563218,0.1111111111111111,0.16853932584269662,0.0851063829787234]","[[0,0,11,7,1,3,22,3,10,28],[0,1,37,33,1,0,6,31,17,0],[0,11,36,19,2,1,12,15,5,15],[1,14,45,0,0,2,6,6,21,12],[1,3,10,13,16,3,20,7,27,10],[0,0,7,13,23,0,10,5,19,10],[0,2,13,29,2,0,10,1,9,21],[1,19,7,4,1,4,23,11,21,8],[0,3,19,26,2,0,11,9,15,4],[0,0,14,6,0,1,19,13,33,8]]",7,0,1,0,0.01020408163265306,0.04476119899749756,1.1192079277038574,0,0.000006838534374999999,908,0.908
brief3_primary_occlusion-040_seed_20260811,20260811,recurrent,36,1568,1,32,occlusion,0.4,0.092,10.421265638601866,1.0395980355557015,"[0.0,0.007936507936507936,0.3103448275862069,0.0,0.14545454545454545,0.0,0.10344827586206896,0.101010101010101,0.1348314606741573,0.0851063829787234]","[[0,0,11,7,1,3,25,0,10,28],[0,1,37,33,1,0,11,33,10,0],[0,11,36,19,2,1,12,12,7,16],[1,14,45,0,0,3,6,6,19,13],[1,3,10,13,16,3,21,11,23,9],[0,0,7,14,21,0,10,7,18,10],[0,2,13,29,2,1,9,4,6,21],[1,19,7,3,0,5,27,10,19,8],[0,3,19,26,2,0,14,9,12,4],[0,0,15,5,0,1,19,19,27,8]]",2,0,0,0,0,0.027895433887839317,2.6253615303039552,0,0.000006838534374999999,877,0.877
brief3_primary_occlusion-055_seed_20260811,20260811,recurrent,36,1568,1,1,occlusion,0.55,0.126,2.297805704737236,2.2965110673950995,"[0.0,0.0,0.25,0.0,0.09090909090909093,0.0,0.022988505747126436,0.0,0.0,0.9042553191489362]","[[0,1,13,6,0,2,10,0,0,53],[0,0,25,22,1,0,0,0,0,78],[0,6,29,16,3,3,2,0,0,57],[4,10,29,0,0,1,0,0,0,63],[0,2,6,10,10,3,4,0,0,75],[0,0,5,6,18,0,1,0,0,57],[0,2,13,24,2,0,2,0,0,44],[0,4,4,3,0,1,4,0,0,83],[0,1,10,12,7,0,2,0,0,57],[0,0,3,1,1,1,3,0,0,85]]",0,0,0,0,0,0.04079739969968796,0.01756861099600792,0,0.00000661271875,0,0
brief3_primary_occlusion-055_seed_20260811,20260811,recurrent,36,1568,1,2,occlusion,0.55,0.124,2.302071515067072,2.2821407443594897,"[0.0,0.0,0.25,0.0,0.1,0.0,0.022988505747126436,0.0,0.0,0.8723404255319149]","[[0,1,13,6,0,2,10,0,0,53],[0,0,25,22,1,0,0,0,0,78],[1,7,29,16,3,3,4,0,0,53],[4,12,29,0,0,1,1,0,0,60],[0,3,6,10,11,3,4,0,0,73],[0,0,5,6,20,0,1,0,0,55],[0,2,13,24,2,0,2,0,0,44],[2,7,4,3,1,4,5,0,0,73],[0,2,10,12,9,0,2,0,0,54],[0,0,3,1,2,1,5,0,0,82]]",27,1,3,0.0011441647597254005,0.023809523809523808,0.039512876242399214,0.029597717612981796,0,0.00000661271875,440,0.44
brief3_primary_occlusion-055_seed_20260811,20260811,recurrent,36,1568,1,4,occlusion,0.55,0.116,2.3515639687375343,2.201200510852311,"[0.0,0.0,0.25,0.0,0.1,0.0,0.022988505747126436,0.010101010101010102,0.011235955056179777,0.7659574468085106]","[[0,1,13,6,0,2,10,4,2,47],[0,0,25,22,1,0,0,8,7,63],[1,7,29,16,3,4,6,5,1,44],[4,12,29,0,0,2,1,2,8,49],[0,3,6,10,11,3,4,0,9,64],[0,0,5,6,25,0,3,3,2,43],[0,2,13,24,2,0,2,2,2,40],[6,9,4,3,1,6,9,1,2,58],[0,2,10,13,8,0,3,4,1,48],[0,0,3,1,2,1,5,1,9,72]]",79,2,10,0.00228310502283105,0.08064516129032258,0.03717337667942047,0.06125891464948654,0,0.00000661271875,451,0.451
brief3_primary_occlusion-055_seed_20260811,20260811,recurrent,36,1568,1,8,occlusion,0.55,0.098,2.701086932217,1.957624748256555,"[0.0,0.0,0.25,0.0,0.1,0.0,0.05747126436781609,0.13131313131313133,0.12359550561797752,0.30851063829787234]","[[0,1,13,6,0,2,12,12,5,34],[0,0,25,22,1,0,10,28,14,26],[1,7,29,16,3,5,8,12,4,31],[4,12,29,0,0,5,6,12,11,28],[0,3,6,10,11,3,8,15,21,33],[0,0,5,6,25,0,10,13,8,20],[0,2,13,24,2,0,5,1,4,36],[5,9,4,3,1,6,22,13,7,29],[0,2,10,13,8,0,7,12,11,26],[0,0,3,1,2,1,11,24,23,29]]",24,1,11,0.0011210762331838565,0.10185185185185185,0.033017485320568085,0.148711505651474,0,0.00000661271875,471,0.471
brief3_primary_occlusion-055_seed_20260811,20260811,recurrent,36,1568,1,16,occlusion,0.55,0.094,4.038928703214978,1.703827741653679,"[0.0,0.0,0.25,0.0,0.1,0.011494252873563218,0.05747126436781609,0.1414141414141414,0.0898876404494382,0.2765957446808511]","[[0,1,13,6,0,2,14,11,4,34],[0,0,25,22,1,0,12,28,12,26],[1,7,29,16,3,5,11,8,6,30],[4,12,29,0,0,7,8,9,10,28],[0,3,6,10,11,3,9,22,14,32],[0,0,5,6,25,1,14,11,6,19],[0,2,13,24,2,0,5,1,4,36],[6,8,4,3,1,7,34,14,4,18],[0,2,10,13,8,0,14,9,8,25],[0,0,3,1,2,1,12,34,15,26]]",6,0,0,0,0,0.02606113964319229,0.3812220778465271,0,0.00000661271875,495,0.495
brief3_primary_occlusion-055_seed_20260811,20260811,recurrent,36,1568,1,32,occlusion,0.55,0.093,6.463423684265173,1.5790113078809107,"[0.0,0.0,0.2413793103448276,0.0,0.1,0.05747126436781609,0.08045977011494253,0.1414141414141414,0.02247191011235955,0.2765957446808511]","[[0,1,13,6,0,2,21,7,1,34],[0,0,25,22,1,0,23,25,4,26],[1,7,28,16,3,5,15,4,6,31],[4,12,29,0,0,8,11,11,4,28],[0,3,6,10,11,3,10,29,6,32],[0,0,5,6,25,5,17,7,3,19],[0,2,13,24,2,0,7,1,2,36],[5,8,5,2,1,9,37,14,0,18],[0,2,10,12,8,0,21,8,2,26],[0,0,3,2,1,1,13,41,7,26]]",5,0,0,0,0,0.016177552223205566,0.891386417388916,0,0.00000661271875,539,0.539
brief3_primary_vertical-strip_seed_20260811,20260811,recurrent,36,1568,1,1,vertical_strip,0.25,0.097,2.3544213710838866,2.2517123016738636,"[0.0,0.015873015873015872,0.0,0.018691588785046728,0.0,0.0,0.3793103448275862,0.0,0.6629213483146067,0.010638297872340424]","[[0,0,0,0,0,0,52,0,12,21],[0,2,0,50,1,0,0,0,12,61],[0,19,0,28,0,0,12,0,51,6],[0,5,0,2,0,0,5,0,84,11],[0,0,0,0,0,0,43,0,67,0],[0,0,0,5,3,0,21,0,51,7],[0,0,0,8,3,0,33,0,31,12],[0,0,0,4,0,0,6,0,89,0],[0,0,0,14,1,0,13,0,59,2],[0,0,0,0,0,0,27,0,66,1]]",0,0,0,0,0,0.09246331423521044,0.092780004799366,0,0.000006577153125,0,0
brief3_primary_vertical-strip_seed_20260811,20260811,recurrent,36,1568,1,2,vertical_strip,0.25,0.096,2.450708063578632,2.142735849725035,"[0.0,0.015873015873015872,0.0,0.018691588785046728,0.0,0.0,0.3793103448275862,0.0,0.6629213483146067,0.0]","[[0,0,0,0,0,0,52,0,12,21],[0,2,0,51,1,0,0,0,15,57],[0,19,0,29,0,0,12,0,50,6],[0,5,0,2,0,0,5,0,84,11],[0,0,0,0,0,0,43,0,67,0],[0,0,0,5,4,0,21,0,51,6],[0,0,0,8,3,0,33,0,31,12],[0,0,0,4,0,0,6,0,89,0],[0,0,0,14,1,0,13,0,59,2],[0,0,0,1,0,0,27,0,66,0]]",7,0,1,0,0.010309278350515464,0.0894566478729248,0.15526120615005493,0,0.000006577153125,934,0.934
brief3_primary_vertical-strip_seed_20260811,20260811,recurrent,36,1568,1,4,vertical_strip,0.25,0.096,2.9506696676666815,1.6900390890440575,"[0.0,0.015873015873015872,0.0,0.018691588785046728,0.0,0.0,0.3793103448275862,0.0,0.6629213483146067,0.0]","[[0,0,0,0,0,0,52,0,12,21],[0,2,0,51,1,0,0,0,19,53],[0,19,0,30,0,0,12,0,49,6],[0,5,0,2,0,0,5,0,84,11],[0,0,0,0,0,0,43,0,67,0],[0,0,0,5,4,0,21,0,51,6],[0,0,0,8,3,0,33,0,31,12],[0,0,0,4,0,0,6,0,89,0],[0,0,0,14,1,0,13,0,59,2],[0,0,0,1,0,0,27,0,66,0]]",1,0,0,0,0,0.08422205591201783,0.31918681764602663,0,0.000006577153125,940,0.94
brief3_primary_vertical-strip_seed_20260811,20260811,recurrent,36,1568,1,8,vertical_strip,0.25,0.096,5.234650345727082,0.9203718000900608,"[0.0,0.015873015873015872,0.0,0.018691588785046728,0.0,0.0,0.3793103448275862,0.0,0.6629213483146067,0.0]","[[0,0,0,0,0,0,52,0,12,21],[0,2,0,51,1,0,0,2,19,51],[0,19,0,30,0,0,12,0,49,6],[0,5,0,2,0,0,5,0,84,11],[0,0,0,0,0,0,43,0,67,0],[0,0,0,5,4,0,21,0,51,6],[0,0,0,8,3,0,33,0,31,12],[0,0,0,4,0,0,6,0,89,0],[0,0,0,14,1,0,13,0,59,2],[0,0,0,1,0,0,27,0,66,0]]",1,0,0,0,0,0.07512489295005799,0.772092010974884,0,0.000006577153125,941,0.941
brief3_primary_vertical-strip_seed_20260811,20260811,recurrent,36,1568,1,16,vertical_strip,0.25,0.096,12.04394489315156,0.5026072953572237,"[0.0,0.015873015873015872,0.0,0.018691588785046728,0.0,0.0,0.3793103448275862,0.0,0.6629213483146067,0.0]","[[0,0,0,0,0,0,53,0,12,20],[0,2,0,51,1,0,0,2,19,51],[0,19,0,29,0,0,12,0,50,6],[0,5,0,2,0,0,5,0,84,11],[0,0,0,0,0,0,43,0,67,0],[0,0,0,5,4,0,21,0,51,6],[0,0,0,8,3,0,33,0,31,12],[0,0,0,4,0,0,6,0,89,0],[0,0,0,14,1,0,13,0,59,2],[0,0,0,1,0,0,27,0,66,0]]",1,0,0,0,0,0.05969826543331146,1.982804446220398,0,0.000006577153125,943,0.943
brief3_primary_vertical-strip_seed_20260811,20260811,recurrent,36,1568,1,32,vertical_strip,0.25,0.097,18.289330910379583,0.3503556900062257,"[0.0,0.015873015873015872,0.0,0.018691588785046728,0.0,0.0,0.39080459770114945,0.0,0.6629213483146067,0.0]","[[0,0,0,0,0,0,53,0,12,20],[0,2,0,51,1,0,0,2,19,51],[0,19,0,28,0,0,12,0,51,6],[0,5,0,2,0,0,5,0,84,11],[0,0,0,0,0,0,43,0,67,0],[0,0,0,5,4,0,21,0,51,6],[0,0,0,8,3,0,34,0,30,12],[0,1,0,3,0,0,6,0,89,0],[0,0,0,14,1,0,13,0,59,2],[0,0,0,0,0,0,27,0,67,0]]",0,0,0,0,0,0.037305425822734835,4.66289331817627,0,0.000006577153125,845,0.845
brief3_primary_horizontal-strip_seed_20260811,20260811,recurrent,36,1568,1,1,horizontal_strip,0.25,0.114,2.2824469635366857,2.285474392118483,"[0.0,0.0,0.4913793103448276,0.06542056074766354,0.0,0.0,0.011494252873563218,0.3838383838383838,0.12359550561797752,0.0]","[[0,1,32,29,0,0,10,0,7,6],[0,0,36,15,1,0,0,73,1,0],[0,7,57,32,0,0,2,14,2,2],[0,8,62,7,0,0,0,4,19,7],[0,2,3,4,0,0,10,39,51,1],[0,2,15,22,5,0,1,15,25,2],[0,3,37,36,3,0,1,3,4,0],[0,0,0,0,0,0,0,38,61,0],[0,0,21,28,0,0,3,26,11,0],[0,0,5,2,0,0,2,36,49,0]]",0,0,0,0,0,0.11152288448810578,0.13399965643882752,0,0.00000645864375,0,0
brief3_primary_horizontal-strip_seed_20260811,20260811,recurrent,36,1568,1,2,horizontal_strip,0.25,0.112,2.2896932874381815,2.2479244434961556,"[0.0,0.0,0.4913793103448276,0.056074766355140186,0.0,0.0,0.011494252873563218,0.3838383838383838,0.11235955056179776,0.0]","[[0,1,31,28,0,0,11,0,8,6],[0,0,35,13,1,0,0,76,1,0],[0,7,57,32,0,0,2,14,2,2],[0,8,62,6,0,0,0,4,20,7],[0,2,3,4,0,0,10,39,51,1],[0,2,15,22,6,0,1,15,25,1],[0,3,37,36,3,0,1,3,4,0],[0,0,0,0,0,0,0,38,61,0],[0,0,21,28,0,0,3,27,10,0],[0,0,5,2,0,0,2,36,49,0]]",8,0,2,0,0.017543859649122806,0.1079303059577942,0.22462403750419616,0,0.00000645864375,992,0.992
brief3_primary_horizontal-strip_seed_20260811,20260811,recurrent,36,1568,1,4,horizontal_strip,0.25,0.112,2.407262358247546,2.039512199283997,"[0.0,0.0,0.4913793103448276,0.056074766355140186,0.0,0.0,0.011494252873563218,0.3838383838383838,0.11235955056179776,0.0]","[[0,1,30,27,0,0,11,0,10,6],[0,0,35,13,1,0,0,76,1,0],[0,7,57,32,0,0,1,14,3,2],[0,8,61,6,0,0,0,4,21,7],[0,2,3,4,0,0,10,39,51,1],[0,2,15,22,6,0,1,15,25,1],[0,3,37,36,3,0,1,3,4,0],[0,0,0,0,0,0,0,38,61,0],[0,0,21,28,0,0,3,27,10,0],[0,0,5,2,0,0,2,36,49,0]]",1,0,0,0,0,0.10159441947937012,0.46258805704116823,0,0.00000645864375,999,0.999
brief3_primary_horizontal-strip_seed_20260811,20260811,recurrent,36,1568,1,8,horizontal_strip,0.25,0.114,3.323660293310027,1.3009326276010384,"[0.0,0.0,0.4913793103448276,0.056074766355140186,0.0,0.0,0.011494252873563218,0.3939393939393939,0.12359550561797752,0.0]","[[0,1,30,27,0,0,11,0,10,6],[0,0,35,13,1,0,0,76,1,0],[0,7,57,32,0,0,1,14,3,2],[0,8,61,6,0,0,0,4,21,7],[0,2,3,4,0,0,10,39,51,1],[0,2,14,22,6,0,1,15,26,1],[0,3,37,36,3,0,1,3,4,0],[0,0,0,0,0,0,0,39,60,0],[0,0,21,27,0,0,3,27,11,0],[0,0,5,2,0,0,2,36,49,0]]",0,0,0,0,0,0.0905105614066124,1.1199518690109254,0,0.00000645864375,1000,1
brief3_primary_horizontal-strip_seed_20260811,20260811,recurrent,36,1568,1,16,horizontal_strip,0.25,0.114,7.1100739864589,0.44020055810896375,"[0.0,0.0,0.4913793103448276,0.056074766355140186,0.0,0.0,0.011494252873563218,0.3939393939393939,0.12359550561797752,0.0]","[[0,1,30,27,0,0,11,0,10,6],[0,0,35,13,1,0,0,76,1,0],[0,7,57,32,0,0,1,14,3,2],[0,8,61,6,0,0,0,4,21,7],[0,2,3,4,0,0,10,39,51,1],[0,2,14,22,6,0,1,15,26,1],[0,3,37,36,3,0,1,3,4,0],[0,0,0,0,0,0,0,39,60,0],[0,0,21,27,0,0,3,27,11,0],[0,0,5,2,0,0,2,36,49,0]]",0,0,0,0,0,0.07178622668981552,2.874380506515503,0,0.00000645864375,1000,1
brief3_primary_horizontal-strip_seed_20260811,20260811,recurrent,36,1568,1,32,horizontal_strip,0.25,0.113,15.061980696868922,0.1376268840509606,"[0.0,0.0,0.4913793103448276,0.056074766355140186,0.0,0.0,0.011494252873563218,0.3939393939393939,0.11235955056179776,0.0]","[[0,1,31,27,0,0,11,0,9,6],[0,0,36,13,1,0,0,75,1,0],[0,7,57,32,0,0,1,14,3,2],[0,8,61,6,0,0,0,4,21,7],[0,2,3,4,0,0,10,39,51,1],[0,2,15,22,6,0,1,15,25,1],[0,3,37,36,3,0,1,3,4,0],[0,0,0,0,0,0,0,39,60,0],[0,0,21,28,0,0,3,27,10,0],[0,0,5,2,0,0,2,36,49,0]]",0,0,0,0,0,0.04476474902033806,6.748142044067383,0,0.00000645864375,985,0.985
brief3_primary_central-block_seed_20260811,20260811,recurrent,36,1568,1,1,central_block,0.25,0.1,2.298269860866496,2.2822364465444807,"[0.0,0.007936507936507936,0.5431034482758621,0.07476635514018691,0.06363636363636363,0.0,0.011494252873563218,0.0,0.0,0.2127659574468085]","[[0,0,17,21,0,0,2,0,0,45],[0,1,68,56,1,0,0,0,0,0],[0,7,63,37,0,1,1,0,0,7],[0,9,74,8,0,0,0,0,0,16],[0,11,26,28,7,2,23,0,0,13],[0,3,17,29,21,0,3,0,0,14],[0,1,29,34,3,0,1,0,0,19],[0,6,15,10,0,0,7,0,0,61],[0,3,34,44,2,0,1,0,0,5],[0,0,31,20,0,0,23,0,0,20]]",0,0,0,0,0,0.07998203057050705,0.06816188788414002,0,0.0000061894593749999995,0,0
brief3_primary_central-block_seed_20260811,20260811,recurrent,36,1568,1,2,central_block,0.25,0.095,2.320321739512002,2.2362353032731552,"[0.0,0.007936507936507936,0.5258620689655172,0.07476635514018691,0.06363636363636363,0.0,0.011494252873563218,0.0,0.0,0.18085106382978725]","[[0,0,18,21,0,0,2,0,0,44],[0,1,68,56,1,0,0,0,0,0],[0,7,61,37,0,1,1,0,0,9],[0,9,74,8,0,0,0,0,0,16],[0,11,26,28,7,2,23,0,0,13],[0,3,17,29,24,0,4,0,0,10],[0,1,29,34,3,0,1,0,0,19],[0,11,15,10,2,6,9,0,0,46],[0,3,34,44,2,0,1,0,0,5],[0,0,32,20,1,0,24,0,0,17]]",26,0,5,0,0.05,0.07741205722093582,0.11455217492580412,0,0.0000061894593749999995,936,0.936
brief3_primary_central-block_seed_20260811,20260811,recurrent,36,1568,1,4,central_block,0.25,0.086,2.494280836157193,2.0012097857969984,"[0.0,0.007936507936507936,0.5258620689655172,0.07476635514018691,0.06363636363636363,0.0,0.011494252873563218,0.04040404040404041,0.0,0.0425531914893617]","[[0,0,18,21,0,0,2,0,0,44],[0,1,68,56,1,0,0,0,0,0],[0,7,61,37,0,1,1,0,0,9],[0,9,74,8,0,0,1,0,0,15],[0,11,26,28,7,2,23,0,0,13],[0,3,17,30,23,0,4,0,0,10],[0,1,29,34,3,0,1,0,0,19],[0,14,16,9,2,10,12,4,5,27],[0,3,34,44,2,0,1,0,0,5],[0,0,32,20,1,0,24,2,11,4]]",25,4,13,0.004419889502762431,0.1368421052631579,0.07281217926740646,0.2364588757753372,0,0.0000061894593749999995,953,0.953
brief3_primary_central-block_seed_20260811,20260811,recurrent,36,1568,1,8,central_block,0.25,0.086,3.5430220925078904,1.4030844239534856,"[0.0,0.007936507936507936,0.5258620689655172,0.07476635514018691,0.06363636363636363,0.0,0.011494252873563218,0.04040404040404041,0.0,0.0425531914893617]","[[0,0,18,21,0,0,2,0,0,44],[0,1,68,56,1,0,0,0,0,0],[0,7,61,37,0,0,2,0,0,9],[0,9,74,8,0,0,1,0,0,15],[0,10,26,29,7,2,23,0,0,13],[0,3,17,30,23,0,4,0,0,10],[0,1,29,34,3,0,1,0,0,19],[0,14,16,9,2,10,12,4,5,27],[0,3,34,43,3,0,1,0,0,5],[0,0,34,19,1,0,23,2,11,4]]",1,0,0,0,0,0.0647395007610321,0.5729945888519287,0,0.0000061894593749999995,961,0.961
brief3_primary_central-block_seed_20260811,20260811,recurrent,36,1568,1,16,central_block,0.25,0.087,7.24808592598493,0.8739726231152917,"[0.0,0.007936507936507936,0.5258620689655172,0.07476635514018691,0.07272727272727272,0.0,0.011494252873563218,0.04040404040404041,0.0,0.0425531914893617]","[[0,0,18,21,0,0,2,0,0,44],[0,1,68,56,1,0,0,0,0,0],[0,7,61,37,0,0,2,0,0,9],[0,9,74,8,0,0,1,0,0,15],[0,10,26,29,8,2,23,0,0,12],[0,3,17,34,19,0,4,0,1,9],[0,1,29,34,3,0,1,0,0,19],[0,15,15,10,2,10,13,4,4,26],[0,3,35,42,3,0,1,0,0,5],[0,0,36,17,1,0,23,2,11,4]]",2,0,0,0,0,0.05121327126026153,1.4689843397140503,0,0.0000061894593749999995,972,0.972
brief3_primary_central-block_seed_20260811,20260811,recurrent,36,1568,1,32,central_block,0.25,0.09,13.019788672232698,0.6307649565528941,"[0.0,0.007936507936507936,0.5344827586206896,0.08411214953271028,0.07272727272727272,0.0,0.011494252873563218,0.050505050505050504,0.0,0.0425531914893617]","[[0,0,17,21,0,0,2,0,0,45],[0,1,68,56,1,0,0,0,0,0],[0,7,62,36,0,0,2,0,0,9],[0,9,73,9,0,0,1,0,0,15],[0,10,26,29,8,2,23,0,0,12],[0,3,18,35,17,0,4,0,1,9],[0,1,29,34,3,0,1,0,0,19],[0,16,16,8,2,5,20,5,1,26],[0,3,37,40,3,0,1,0,0,5],[0,0,37,17,0,0,24,9,3,4]]",0,0,0,0,0,0.03186575409770012,3.440675100326538,0,0.0000061894593749999995,948,0.948
brief3_primary_random-patches_seed_20260811,20260811,recurrent,36,1568,1,1,random_patches,0.25,0.087,2.3513268062319543,2.2313943262944145,"[0.0,0.0,0.11206896551724138,0.009345794392523364,0.0,0.0,0.22988505747126436,0.25252525252525254,0.3146067415730337,0.0]","[[0,0,6,2,0,0,44,1,15,17],[0,0,8,9,0,0,0,106,3,0],[0,2,13,9,0,0,2,52,36,2],[0,3,14,1,0,0,2,19,60,8],[0,0,0,0,0,0,19,27,64,0],[0,0,4,5,0,0,7,32,34,5],[0,0,5,5,1,0,20,25,27,4],[0,0,0,0,0,0,3,25,70,1],[0,0,1,3,0,0,3,54,28,0],[0,0,0,0,0,0,9,26,59,0]]",0,0,0,0,0,0.11875531351566317,0.15209909892082216,0,0.000006650228124999999,0,0
brief3_primary_random-patches_seed_20260811,20260811,recurrent,36,1568,1,2,random_patches,0.25,0.087,2.469849947883868,2.0806137368971385,"[0.0,0.0,0.11206896551724138,0.009345794392523364,0.0,0.0,0.22988505747126436,0.25252525252525254,0.3146067415730337,0.0]","[[0,0,6,2,0,0,44,1,15,17],[0,0,8,9,0,0,0,106,3,0],[0,2,13,9,0,0,2,52,36,2],[0,3,14,1,0,0,2,19,60,8],[0,0,0,0,0,0,19,27,64,0],[0,0,4,5,0,0,7,32,34,5],[0,0,5,5,1,0,20,25,27,4],[0,0,0,0,0,0,3,25,70,1],[0,0,1,3,0,0,3,54,28,0],[0,0,0,0,0,0,9,26,59,0]]",0,0,0,0,0,0.11494445550441744,0.25491514992713926,0,0.000006650228124999999,1000,1
brief3_primary_random-patches_seed_20260811,20260811,recurrent,36,1568,1,4,random_patches,0.25,0.087,3.114851997816243,1.4882597226911325,"[0.0,0.0,0.11206896551724138,0.009345794392523364,0.0,0.0,0.2413793103448276,0.24242424242424243,0.3146067415730337,0.0]","[[0,0,6,2,0,0,44,1,15,17],[0,0,8,9,0,0,0,106,3,0],[0,2,13,9,0,0,2,52,36,2],[0,3,14,1,0,0,2,19,60,8],[0,0,0,0,0,0,19,27,64,0],[0,0,4,5,0,0,7,32,34,5],[0,0,5,5,1,0,21,24,27,4],[0,0,0,0,0,0,3,24,71,1],[0,0,1,3,0,0,3,54,28,0],[0,0,0,0,0,0,10,26,58,0]]",2,0,1,0,0.011363636363636364,0.10822639298439024,0.5249270467758179,0,0.000006650228124999999,998,0.998
brief3_primary_random-patches_seed_20260811,20260811,recurrent,36,1568,1,8,random_patches,0.25,0.086,6.021226836201825,0.5901339772535542,"[0.0,0.0,0.11206896551724138,0.009345794392523364,0.0,0.0,0.22988505747126436,0.24242424242424243,0.3146067415730337,0.0]","[[0,0,6,2,0,0,44,1,15,17],[0,0,8,9,0,0,0,106,3,0],[0,2,13,9,0,0,2,52,36,2],[0,3,14,1,0,0,2,19,60,8],[0,0,0,0,0,0,19,27,64,0],[0,0,4,5,0,0,7,32,34,5],[0,1,5,5,1,0,20,25,27,3],[0,0,0,0,0,0,3,24,71,1],[0,0,1,3,0,0,3,54,28,0],[0,0,0,0,0,0,10,26,58,0]]",1,0,0,0,0,0.09645257872343065,1.2710587673187257,0,0.000006650228124999999,998,0.998
brief3_primary_random-patches_seed_20260811,20260811,recurrent,36,1568,1,16,random_patches,0.25,0.085,14.39856700635629,0.20618565876521916,"[0.0,0.0,0.11206896551724138,0.009345794392523364,0.0,0.0,0.22988505747126436,0.24242424242424243,0.30337078651685395,0.0]","[[0,0,6,2,0,0,44,1,15,17],[0,0,9,9,0,0,0,105,3,0],[0,2,13,9,0,0,2,52,36,2],[0,3,14,1,0,0,2,19,60,8],[0,0,0,0,0,0,19,27,64,0],[0,0,4,5,0,0,7,32,34,5],[0,1,5,5,1,0,20,25,27,3],[0,0,0,0,0,0,3,24,71,1],[0,0,1,3,0,0,3,55,27,0],[0,0,0,0,0,0,9,26,59,0]]",1,0,0,0,0,0.07651827216148377,3.263195724487305,0,0.000006650228124999999,998,0.998
brief3_primary_random-patches_seed_20260811,20260811,recurrent,36,1568,1,32,random_patches,0.25,0.085,21.791075793200484,0.08453706702332174,"[0.0,0.0,0.11206896551724138,0.009345794392523364,0.0,0.0,0.22988505747126436,0.24242424242424243,0.30337078651685395,0.0]","[[0,0,6,2,0,0,44,1,15,17],[0,0,9,9,0,0,0,105,3,0],[0,2,13,9,0,0,2,52,36,2],[0,3,14,1,0,0,2,19,60,8],[0,0,0,0,0,0,19,27,64,0],[0,0,4,5,0,0,7,32,34,5],[0,1,6,5,1,0,20,25,26,3],[0,0,0,0,0,0,3,24,71,1],[0,0,1,3,0,0,3,55,27,0],[0,0,0,0,0,0,9,26,59,0]]",0,0,0,0,0,0.04772009038925171,7.6631711463928225,0,0.000006650228124999999,848,0.848
