run,seed,corruption,severity,recurrence,wrong_to_correct,correct_to_wrong,wrong_to_correct_probability,correct_to_wrong_probability,confidence_amplifications,confidence_amplification_probability
brief3_primary_clean_seed_20260809,20260809,clean,0.0,1,0,0,0.0,0.0,0,0.0
brief3_primary_clean_seed_20260809,20260809,clean,0.0,2,0,0,0.0,0.0,998,0.998
brief3_primary_clean_seed_20260809,20260809,clean,0.0,3,0,0,0.0,0.0,1000,1.0
brief3_primary_clean_seed_20260809,20260809,clean,0.0,4,0,0,0.0,0.0,1000,1.0
brief3_primary_clean_seed_20260809,20260809,clean,0.0,5,0,0,0.0,0.0,1000,1.0
brief3_primary_clean_seed_20260809,20260809,clean,0.0,6,0,0,0.0,0.0,999,0.999
brief3_primary_clean_seed_20260809,20260809,clean,0.0,7,0,0,0.0,0.0,999,0.999
brief3_primary_clean_seed_20260809,20260809,clean,0.0,8,0,0,0.0,0.0,1000,1.0
brief3_primary_clean_seed_20260809,20260809,clean,0.0,9,0,0,0.0,0.0,1000,1.0
brief3_primary_clean_seed_20260809,20260809,clean,0.0,10,0,0,0.0,0.0,1000,1.0
brief3_primary_clean_seed_20260809,20260809,clean,0.0,11,0,0,0.0,0.0,999,0.999
brief3_primary_clean_seed_20260809,20260809,clean,0.0,12,0,0,0.0,0.0,1000,1.0
brief3_primary_clean_seed_20260809,20260809,clean,0.0,13,0,0,0.0,0.0,1000,1.0
brief3_primary_clean_seed_20260809,20260809,clean,0.0,14,0,0,0.0,0.0,1000,1.0
brief3_primary_clean_seed_20260809,20260809,clean,0.0,15,0,0,0.0,0.0,999,0.999
brief3_primary_clean_seed_20260809,20260809,clean,0.0,16,0,0,0.0,0.0,999,0.999
brief3_primary_clean_seed_20260809,20260809,clean,0.0,17,0,0,0.0,0.0,999,0.999
brief3_primary_clean_seed_20260809,20260809,clean,0.0,18,0,0,0.0,0.0,997,0.997
brief3_primary_clean_seed_20260809,20260809,clean,0.0,19,0,0,0.0,0.0,994,0.994
brief3_primary_clean_seed_20260809,20260809,clean,0.0,20,0,0,0.0,0.0,987,0.987
brief3_primary_clean_seed_20260809,20260809,clean,0.0,21,0,0,0.0,0.0,977,0.977
brief3_primary_clean_seed_20260809,20260809,clean,0.0,22,0,0,0.0,0.0,963,0.963
brief3_primary_clean_seed_20260809,20260809,clean,0.0,23,0,0,0.0,0.0,952,0.952
brief3_primary_clean_seed_20260809,20260809,clean,0.0,24,0,0,0.0,0.0,944,0.944
brief3_primary_clean_seed_20260809,20260809,clean,0.0,25,0,0,0.0,0.0,930,0.93
brief3_primary_clean_seed_20260809,20260809,clean,0.0,26,0,0,0.0,0.0,917,0.917
brief3_primary_clean_seed_20260809,20260809,clean,0.0,27,0,1,0.0,0.01408450704225352,905,0.905
brief3_primary_clean_seed_20260809,20260809,clean,0.0,28,0,0,0.0,0.0,886,0.886
brief3_primary_clean_seed_20260809,20260809,clean,0.0,29,0,0,0.0,0.0,861,0.861
brief3_primary_clean_seed_20260809,20260809,clean,0.0,30,1,0,0.001075268817204301,0.0,841,0.841
brief3_primary_clean_seed_20260809,20260809,clean,0.0,31,0,0,0.0,0.0,833,0.833
brief3_primary_clean_seed_20260809,20260809,clean,0.0,32,0,0,0.0,0.0,815,0.815
brief3_primary_gaussian-010_seed_20260809,20260809,gaussian,0.1,1,0,0,0.0,0.0,0,0.0
brief3_primary_gaussian-010_seed_20260809,20260809,gaussian,0.1,2,1,0,0.0010787486515641857,0.0,995,0.995
brief3_primary_gaussian-010_seed_20260809,20260809,gaussian,0.1,3,0,0,0.0,0.0,1000,1.0
brief3_primary_gaussian-010_seed_20260809,20260809,gaussian,0.1,4,0,0,0.0,0.0,999,0.999
brief3_primary_gaussian-010_seed_20260809,20260809,gaussian,0.1,5,0,0,0.0,0.0,999,0.999
brief3_primary_gaussian-010_seed_20260809,20260809,gaussian,0.1,6,0,0,0.0,0.0,1000,1.0
brief3_primary_gaussian-010_seed_20260809,20260809,gaussian,0.1,7,0,0,0.0,0.0,999,0.999
brief3_primary_gaussian-010_seed_20260809,20260809,gaussian,0.1,8,0,0,0.0,0.0,999,0.999
brief3_primary_gaussian-010_seed_20260809,20260809,gaussian,0.1,9,0,1,0.0,0.013513513513513514,999,0.999
brief3_primary_gaussian-010_seed_20260809,20260809,gaussian,0.1,10,0,0,0.0,0.0,1000,1.0
brief3_primary_gaussian-010_seed_20260809,20260809,gaussian,0.1,11,0,0,0.0,0.0,999,0.999
brief3_primary_gaussian-010_seed_20260809,20260809,gaussian,0.1,12,0,0,0.0,0.0,1000,1.0
brief3_primary_gaussian-010_seed_20260809,20260809,gaussian,0.1,13,0,0,0.0,0.0,1000,1.0
brief3_primary_gaussian-010_seed_20260809,20260809,gaussian,0.1,14,0,0,0.0,0.0,999,0.999
brief3_primary_gaussian-010_seed_20260809,20260809,gaussian,0.1,15,0,0,0.0,0.0,999,0.999
brief3_primary_gaussian-010_seed_20260809,20260809,gaussian,0.1,16,0,0,0.0,0.0,999,0.999
brief3_primary_gaussian-010_seed_20260809,20260809,gaussian,0.1,17,0,0,0.0,0.0,999,0.999
brief3_primary_gaussian-010_seed_20260809,20260809,gaussian,0.1,18,0,0,0.0,0.0,998,0.998
brief3_primary_gaussian-010_seed_20260809,20260809,gaussian,0.1,19,0,0,0.0,0.0,998,0.998
brief3_primary_gaussian-010_seed_20260809,20260809,gaussian,0.1,20,0,1,0.0,0.0136986301369863,992,0.992
brief3_primary_gaussian-010_seed_20260809,20260809,gaussian,0.1,21,0,0,0.0,0.0,987,0.987
brief3_primary_gaussian-010_seed_20260809,20260809,gaussian,0.1,22,0,0,0.0,0.0,977,0.977
brief3_primary_gaussian-010_seed_20260809,20260809,gaussian,0.1,23,0,0,0.0,0.0,966,0.966
brief3_primary_gaussian-010_seed_20260809,20260809,gaussian,0.1,24,0,0,0.0,0.0,953,0.953
brief3_primary_gaussian-010_seed_20260809,20260809,gaussian,0.1,25,0,0,0.0,0.0,943,0.943
brief3_primary_gaussian-010_seed_20260809,20260809,gaussian,0.1,26,0,0,0.0,0.0,936,0.936
brief3_primary_gaussian-010_seed_20260809,20260809,gaussian,0.1,27,0,0,0.0,0.0,924,0.924
brief3_primary_gaussian-010_seed_20260809,20260809,gaussian,0.1,28,0,0,0.0,0.0,903,0.903
brief3_primary_gaussian-010_seed_20260809,20260809,gaussian,0.1,29,0,0,0.0,0.0,882,0.882
brief3_primary_gaussian-010_seed_20260809,20260809,gaussian,0.1,30,0,0,0.0,0.0,869,0.869
brief3_primary_gaussian-010_seed_20260809,20260809,gaussian,0.1,31,0,0,0.0,0.0,853,0.853
brief3_primary_gaussian-010_seed_20260809,20260809,gaussian,0.1,32,0,0,0.0,0.0,833,0.833
brief3_primary_gaussian-020_seed_20260809,20260809,gaussian,0.2,1,0,0,0.0,0.0,0,0.0
brief3_primary_gaussian-020_seed_20260809,20260809,gaussian,0.2,2,0,0,0.0,0.0,999,0.999
brief3_primary_gaussian-020_seed_20260809,20260809,gaussian,0.2,3,0,0,0.0,0.0,999,0.999
brief3_primary_gaussian-020_seed_20260809,20260809,gaussian,0.2,4,0,0,0.0,0.0,999,0.999
brief3_primary_gaussian-020_seed_20260809,20260809,gaussian,0.2,5,0,0,0.0,0.0,1000,1.0
brief3_primary_gaussian-020_seed_20260809,20260809,gaussian,0.2,6,0,0,0.0,0.0,999,0.999
brief3_primary_gaussian-020_seed_20260809,20260809,gaussian,0.2,7,0,0,0.0,0.0,1000,1.0
brief3_primary_gaussian-020_seed_20260809,20260809,gaussian,0.2,8,0,0,0.0,0.0,999,0.999
brief3_primary_gaussian-020_seed_20260809,20260809,gaussian,0.2,9,0,0,0.0,0.0,1000,1.0
brief3_primary_gaussian-020_seed_20260809,20260809,gaussian,0.2,10,0,0,0.0,0.0,1000,1.0
brief3_primary_gaussian-020_seed_20260809,20260809,gaussian,0.2,11,0,0,0.0,0.0,1000,1.0
brief3_primary_gaussian-020_seed_20260809,20260809,gaussian,0.2,12,0,0,0.0,0.0,1000,1.0
brief3_primary_gaussian-020_seed_20260809,20260809,gaussian,0.2,13,0,0,0.0,0.0,998,0.998
brief3_primary_gaussian-020_seed_20260809,20260809,gaussian,0.2,14,0,0,0.0,0.0,997,0.997
brief3_primary_gaussian-020_seed_20260809,20260809,gaussian,0.2,15,0,0,0.0,0.0,998,0.998
brief3_primary_gaussian-020_seed_20260809,20260809,gaussian,0.2,16,0,0,0.0,0.0,997,0.997
brief3_primary_gaussian-020_seed_20260809,20260809,gaussian,0.2,17,0,0,0.0,0.0,995,0.995
brief3_primary_gaussian-020_seed_20260809,20260809,gaussian,0.2,18,0,0,0.0,0.0,996,0.996
brief3_primary_gaussian-020_seed_20260809,20260809,gaussian,0.2,19,0,0,0.0,0.0,995,0.995
brief3_primary_gaussian-020_seed_20260809,20260809,gaussian,0.2,20,0,0,0.0,0.0,993,0.993
brief3_primary_gaussian-020_seed_20260809,20260809,gaussian,0.2,21,0,0,0.0,0.0,991,0.991
brief3_primary_gaussian-020_seed_20260809,20260809,gaussian,0.2,22,1,0,0.0010787486515641857,0.0,988,0.988
brief3_primary_gaussian-020_seed_20260809,20260809,gaussian,0.2,23,0,0,0.0,0.0,980,0.98
brief3_primary_gaussian-020_seed_20260809,20260809,gaussian,0.2,24,0,0,0.0,0.0,972,0.972
brief3_primary_gaussian-020_seed_20260809,20260809,gaussian,0.2,25,0,0,0.0,0.0,963,0.963
brief3_primary_gaussian-020_seed_20260809,20260809,gaussian,0.2,26,0,0,0.0,0.0,949,0.949
brief3_primary_gaussian-020_seed_20260809,20260809,gaussian,0.2,27,0,0,0.0,0.0,942,0.942
brief3_primary_gaussian-020_seed_20260809,20260809,gaussian,0.2,28,0,0,0.0,0.0,928,0.928
brief3_primary_gaussian-020_seed_20260809,20260809,gaussian,0.2,29,0,0,0.0,0.0,911,0.911
brief3_primary_gaussian-020_seed_20260809,20260809,gaussian,0.2,30,0,0,0.0,0.0,894,0.894
brief3_primary_gaussian-020_seed_20260809,20260809,gaussian,0.2,31,0,0,0.0,0.0,880,0.88
brief3_primary_gaussian-020_seed_20260809,20260809,gaussian,0.2,32,0,0,0.0,0.0,868,0.868
brief3_primary_gaussian-030_seed_20260809,20260809,gaussian,0.3,1,0,0,0.0,0.0,0,0.0
brief3_primary_gaussian-030_seed_20260809,20260809,gaussian,0.3,2,2,0,0.0021645021645021645,0.0,995,0.995
brief3_primary_gaussian-030_seed_20260809,20260809,gaussian,0.3,3,0,0,0.0,0.0,998,0.998
brief3_primary_gaussian-030_seed_20260809,20260809,gaussian,0.3,4,0,0,0.0,0.0,998,0.998
brief3_primary_gaussian-030_seed_20260809,20260809,gaussian,0.3,5,0,0,0.0,0.0,1000,1.0
brief3_primary_gaussian-030_seed_20260809,20260809,gaussian,0.3,6,0,0,0.0,0.0,999,0.999
brief3_primary_gaussian-030_seed_20260809,20260809,gaussian,0.3,7,0,0,0.0,0.0,1000,1.0
brief3_primary_gaussian-030_seed_20260809,20260809,gaussian,0.3,8,0,0,0.0,0.0,1000,1.0
brief3_primary_gaussian-030_seed_20260809,20260809,gaussian,0.3,9,1,0,0.001084598698481562,0.0,999,0.999
brief3_primary_gaussian-030_seed_20260809,20260809,gaussian,0.3,10,0,0,0.0,0.0,999,0.999
brief3_primary_gaussian-030_seed_20260809,20260809,gaussian,0.3,11,0,0,0.0,0.0,1000,1.0
brief3_primary_gaussian-030_seed_20260809,20260809,gaussian,0.3,12,0,0,0.0,0.0,1000,1.0
brief3_primary_gaussian-030_seed_20260809,20260809,gaussian,0.3,13,0,0,0.0,0.0,1000,1.0
brief3_primary_gaussian-030_seed_20260809,20260809,gaussian,0.3,14,0,0,0.0,0.0,1000,1.0
brief3_primary_gaussian-030_seed_20260809,20260809,gaussian,0.3,15,0,0,0.0,0.0,999,0.999
brief3_primary_gaussian-030_seed_20260809,20260809,gaussian,0.3,16,0,0,0.0,0.0,1000,1.0
brief3_primary_gaussian-030_seed_20260809,20260809,gaussian,0.3,17,0,0,0.0,0.0,999,0.999
brief3_primary_gaussian-030_seed_20260809,20260809,gaussian,0.3,18,0,0,0.0,0.0,999,0.999
brief3_primary_gaussian-030_seed_20260809,20260809,gaussian,0.3,19,0,0,0.0,0.0,999,0.999
brief3_primary_gaussian-030_seed_20260809,20260809,gaussian,0.3,20,0,0,0.0,0.0,998,0.998
brief3_primary_gaussian-030_seed_20260809,20260809,gaussian,0.3,21,0,1,0.0,0.012658227848101266,995,0.995
brief3_primary_gaussian-030_seed_20260809,20260809,gaussian,0.3,22,0,0,0.0,0.0,994,0.994
brief3_primary_gaussian-030_seed_20260809,20260809,gaussian,0.3,23,0,0,0.0,0.0,993,0.993
brief3_primary_gaussian-030_seed_20260809,20260809,gaussian,0.3,24,0,0,0.0,0.0,990,0.99
brief3_primary_gaussian-030_seed_20260809,20260809,gaussian,0.3,25,0,0,0.0,0.0,981,0.981
brief3_primary_gaussian-030_seed_20260809,20260809,gaussian,0.3,26,0,0,0.0,0.0,975,0.975
brief3_primary_gaussian-030_seed_20260809,20260809,gaussian,0.3,27,0,0,0.0,0.0,965,0.965
brief3_primary_gaussian-030_seed_20260809,20260809,gaussian,0.3,28,0,0,0.0,0.0,950,0.95
brief3_primary_gaussian-030_seed_20260809,20260809,gaussian,0.3,29,0,0,0.0,0.0,938,0.938
brief3_primary_gaussian-030_seed_20260809,20260809,gaussian,0.3,30,0,0,0.0,0.0,930,0.93
brief3_primary_gaussian-030_seed_20260809,20260809,gaussian,0.3,31,0,0,0.0,0.0,916,0.916
brief3_primary_gaussian-030_seed_20260809,20260809,gaussian,0.3,32,0,0,0.0,0.0,896,0.896
brief3_primary_gaussian-040_seed_20260809,20260809,gaussian,0.4,1,0,0,0.0,0.0,0,0.0
brief3_primary_gaussian-040_seed_20260809,20260809,gaussian,0.4,2,1,0,0.0010869565217391304,0.0,996,0.996
brief3_primary_gaussian-040_seed_20260809,20260809,gaussian,0.4,3,1,0,0.001088139281828074,0.0,998,0.998
brief3_primary_gaussian-040_seed_20260809,20260809,gaussian,0.4,4,0,0,0.0,0.0,1000,1.0
brief3_primary_gaussian-040_seed_20260809,20260809,gaussian,0.4,5,0,0,0.0,0.0,999,0.999
brief3_primary_gaussian-040_seed_20260809,20260809,gaussian,0.4,6,0,0,0.0,0.0,1000,1.0
brief3_primary_gaussian-040_seed_20260809,20260809,gaussian,0.4,7,0,0,0.0,0.0,999,0.999
brief3_primary_gaussian-040_seed_20260809,20260809,gaussian,0.4,8,0,0,0.0,0.0,1000,1.0
brief3_primary_gaussian-040_seed_20260809,20260809,gaussian,0.4,9,0,0,0.0,0.0,1000,1.0
brief3_primary_gaussian-040_seed_20260809,20260809,gaussian,0.4,10,0,0,0.0,0.0,1000,1.0
brief3_primary_gaussian-040_seed_20260809,20260809,gaussian,0.4,11,0,0,0.0,0.0,1000,1.0
brief3_primary_gaussian-040_seed_20260809,20260809,gaussian,0.4,12,0,0,0.0,0.0,1000,1.0
brief3_primary_gaussian-040_seed_20260809,20260809,gaussian,0.4,13,0,0,0.0,0.0,1000,1.0
brief3_primary_gaussian-040_seed_20260809,20260809,gaussian,0.4,14,0,0,0.0,0.0,999,0.999
brief3_primary_gaussian-040_seed_20260809,20260809,gaussian,0.4,15,0,0,0.0,0.0,999,0.999
brief3_primary_gaussian-040_seed_20260809,20260809,gaussian,0.4,16,0,0,0.0,0.0,999,0.999
brief3_primary_gaussian-040_seed_20260809,20260809,gaussian,0.4,17,0,0,0.0,0.0,997,0.997
brief3_primary_gaussian-040_seed_20260809,20260809,gaussian,0.4,18,0,0,0.0,0.0,997,0.997
brief3_primary_gaussian-040_seed_20260809,20260809,gaussian,0.4,19,0,0,0.0,0.0,997,0.997
brief3_primary_gaussian-040_seed_20260809,20260809,gaussian,0.4,20,0,0,0.0,0.0,997,0.997
brief3_primary_gaussian-040_seed_20260809,20260809,gaussian,0.4,21,0,1,0.0,0.012195121951219513,997,0.997
brief3_primary_gaussian-040_seed_20260809,20260809,gaussian,0.4,22,0,0,0.0,0.0,994,0.994
brief3_primary_gaussian-040_seed_20260809,20260809,gaussian,0.4,23,0,0,0.0,0.0,993,0.993
brief3_primary_gaussian-040_seed_20260809,20260809,gaussian,0.4,24,0,0,0.0,0.0,992,0.992
brief3_primary_gaussian-040_seed_20260809,20260809,gaussian,0.4,25,0,0,0.0,0.0,990,0.99
brief3_primary_gaussian-040_seed_20260809,20260809,gaussian,0.4,26,0,0,0.0,0.0,984,0.984
brief3_primary_gaussian-040_seed_20260809,20260809,gaussian,0.4,27,0,0,0.0,0.0,984,0.984
brief3_primary_gaussian-040_seed_20260809,20260809,gaussian,0.4,28,0,0,0.0,0.0,974,0.974
brief3_primary_gaussian-040_seed_20260809,20260809,gaussian,0.4,29,0,0,0.0,0.0,963,0.963
brief3_primary_gaussian-040_seed_20260809,20260809,gaussian,0.4,30,0,0,0.0,0.0,953,0.953
brief3_primary_gaussian-040_seed_20260809,20260809,gaussian,0.4,31,0,0,0.0,0.0,944,0.944
brief3_primary_gaussian-040_seed_20260809,20260809,gaussian,0.4,32,0,0,0.0,0.0,935,0.935
brief3_primary_occlusion-010_seed_20260809,20260809,occlusion,0.1,1,0,0,0.0,0.0,0,0.0
brief3_primary_occlusion-010_seed_20260809,20260809,occlusion,0.1,2,0,0,0.0,0.0,1000,1.0
brief3_primary_occlusion-010_seed_20260809,20260809,occlusion,0.1,3,2,0,0.002183406113537118,0.0,998,0.998
brief3_primary_occlusion-010_seed_20260809,20260809,occlusion,0.1,4,0,0,0.0,0.0,1000,1.0
brief3_primary_occlusion-010_seed_20260809,20260809,occlusion,0.1,5,0,1,0.0,0.011627906976744186,999,0.999
brief3_primary_occlusion-010_seed_20260809,20260809,occlusion,0.1,6,0,0,0.0,0.0,999,0.999
brief3_primary_occlusion-010_seed_20260809,20260809,occlusion,0.1,7,0,0,0.0,0.0,1000,1.0
brief3_primary_occlusion-010_seed_20260809,20260809,occlusion,0.1,8,0,0,0.0,0.0,1000,1.0
brief3_primary_occlusion-010_seed_20260809,20260809,occlusion,0.1,9,0,0,0.0,0.0,1000,1.0
brief3_primary_occlusion-010_seed_20260809,20260809,occlusion,0.1,10,0,0,0.0,0.0,1000,1.0
brief3_primary_occlusion-010_seed_20260809,20260809,occlusion,0.1,11,0,0,0.0,0.0,999,0.999
brief3_primary_occlusion-010_seed_20260809,20260809,occlusion,0.1,12,0,0,0.0,0.0,1000,1.0
brief3_primary_occlusion-010_seed_20260809,20260809,occlusion,0.1,13,0,0,0.0,0.0,999,0.999
brief3_primary_occlusion-010_seed_20260809,20260809,occlusion,0.1,14,0,0,0.0,0.0,999,0.999
brief3_primary_occlusion-010_seed_20260809,20260809,occlusion,0.1,15,1,0,0.001092896174863388,0.0,999,0.999
brief3_primary_occlusion-010_seed_20260809,20260809,occlusion,0.1,16,0,0,0.0,0.0,999,0.999
brief3_primary_occlusion-010_seed_20260809,20260809,occlusion,0.1,17,0,0,0.0,0.0,999,0.999
brief3_primary_occlusion-010_seed_20260809,20260809,occlusion,0.1,18,0,0,0.0,0.0,996,0.996
brief3_primary_occlusion-010_seed_20260809,20260809,occlusion,0.1,19,0,0,0.0,0.0,994,0.994
brief3_primary_occlusion-010_seed_20260809,20260809,occlusion,0.1,20,0,0,0.0,0.0,988,0.988
brief3_primary_occlusion-010_seed_20260809,20260809,occlusion,0.1,21,0,0,0.0,0.0,980,0.98
brief3_primary_occlusion-010_seed_20260809,20260809,occlusion,0.1,22,0,0,0.0,0.0,971,0.971
brief3_primary_occlusion-010_seed_20260809,20260809,occlusion,0.1,23,0,0,0.0,0.0,960,0.96
brief3_primary_occlusion-010_seed_20260809,20260809,occlusion,0.1,24,0,0,0.0,0.0,947,0.947
brief3_primary_occlusion-010_seed_20260809,20260809,occlusion,0.1,25,0,1,0.0,0.011627906976744186,931,0.931
brief3_primary_occlusion-010_seed_20260809,20260809,occlusion,0.1,26,0,0,0.0,0.0,909,0.909
brief3_primary_occlusion-010_seed_20260809,20260809,occlusion,0.1,27,0,0,0.0,0.0,897,0.897
brief3_primary_occlusion-010_seed_20260809,20260809,occlusion,0.1,28,0,0,0.0,0.0,881,0.881
brief3_primary_occlusion-010_seed_20260809,20260809,occlusion,0.1,29,0,0,0.0,0.0,867,0.867
brief3_primary_occlusion-010_seed_20260809,20260809,occlusion,0.1,30,1,0,0.001092896174863388,0.0,850,0.85
brief3_primary_occlusion-010_seed_20260809,20260809,occlusion,0.1,31,0,0,0.0,0.0,843,0.843
brief3_primary_occlusion-010_seed_20260809,20260809,occlusion,0.1,32,0,0,0.0,0.0,825,0.825
brief3_primary_occlusion-025_seed_20260809,20260809,occlusion,0.25,1,0,0,0.0,0.0,0,0.0
brief3_primary_occlusion-025_seed_20260809,20260809,occlusion,0.25,2,0,7,0.0,0.06481481481481481,978,0.978
brief3_primary_occlusion-025_seed_20260809,20260809,occlusion,0.25,3,0,1,0.0,0.0099009900990099,996,0.996
brief3_primary_occlusion-025_seed_20260809,20260809,occlusion,0.25,4,0,0,0.0,0.0,996,0.996
brief3_primary_occlusion-025_seed_20260809,20260809,occlusion,0.25,5,1,0,0.0011111111111111111,0.0,996,0.996
brief3_primary_occlusion-025_seed_20260809,20260809,occlusion,0.25,6,0,0,0.0,0.0,997,0.997
brief3_primary_occlusion-025_seed_20260809,20260809,occlusion,0.25,7,1,0,0.0011123470522803114,0.0,996,0.996
brief3_primary_occlusion-025_seed_20260809,20260809,occlusion,0.25,8,0,0,0.0,0.0,999,0.999
brief3_primary_occlusion-025_seed_20260809,20260809,occlusion,0.25,9,0,1,0.0,0.00980392156862745,997,0.997
brief3_primary_occlusion-025_seed_20260809,20260809,occlusion,0.25,10,0,0,0.0,0.0,998,0.998
brief3_primary_occlusion-025_seed_20260809,20260809,occlusion,0.25,11,0,0,0.0,0.0,998,0.998
brief3_primary_occlusion-025_seed_20260809,20260809,occlusion,0.25,12,0,0,0.0,0.0,997,0.997
brief3_primary_occlusion-025_seed_20260809,20260809,occlusion,0.25,13,0,0,0.0,0.0,999,0.999
brief3_primary_occlusion-025_seed_20260809,20260809,occlusion,0.25,14,1,0,0.0011123470522803114,0.0,999,0.999
brief3_primary_occlusion-025_seed_20260809,20260809,occlusion,0.25,15,0,0,0.0,0.0,1000,1.0
brief3_primary_occlusion-025_seed_20260809,20260809,occlusion,0.25,16,0,0,0.0,0.0,999,0.999
brief3_primary_occlusion-025_seed_20260809,20260809,occlusion,0.25,17,0,0,0.0,0.0,998,0.998
brief3_primary_occlusion-025_seed_20260809,20260809,occlusion,0.25,18,0,0,0.0,0.0,994,0.994
brief3_primary_occlusion-025_seed_20260809,20260809,occlusion,0.25,19,0,0,0.0,0.0,988,0.988
brief3_primary_occlusion-025_seed_20260809,20260809,occlusion,0.25,20,0,0,0.0,0.0,983,0.983
brief3_primary_occlusion-025_seed_20260809,20260809,occlusion,0.25,21,0,0,0.0,0.0,979,0.979
brief3_primary_occlusion-025_seed_20260809,20260809,occlusion,0.25,22,0,0,0.0,0.0,973,0.973
brief3_primary_occlusion-025_seed_20260809,20260809,occlusion,0.25,23,1,0,0.0011135857461024498,0.0,966,0.966
brief3_primary_occlusion-025_seed_20260809,20260809,occlusion,0.25,24,0,0,0.0,0.0,959,0.959
brief3_primary_occlusion-025_seed_20260809,20260809,occlusion,0.25,25,0,1,0.0,0.009708737864077667,943,0.943
brief3_primary_occlusion-025_seed_20260809,20260809,occlusion,0.25,26,0,0,0.0,0.0,933,0.933
brief3_primary_occlusion-025_seed_20260809,20260809,occlusion,0.25,27,1,0,0.0011135857461024498,0.0,922,0.922
brief3_primary_occlusion-025_seed_20260809,20260809,occlusion,0.25,28,0,0,0.0,0.0,912,0.912
brief3_primary_occlusion-025_seed_20260809,20260809,occlusion,0.25,29,0,0,0.0,0.0,897,0.897
brief3_primary_occlusion-025_seed_20260809,20260809,occlusion,0.25,30,1,0,0.0011148272017837235,0.0,880,0.88
brief3_primary_occlusion-025_seed_20260809,20260809,occlusion,0.25,31,0,0,0.0,0.0,865,0.865
brief3_primary_occlusion-025_seed_20260809,20260809,occlusion,0.25,32,0,0,0.0,0.0,850,0.85
brief3_primary_occlusion-040_seed_20260809,20260809,occlusion,0.4,1,0,0,0.0,0.0,0,0.0
brief3_primary_occlusion-040_seed_20260809,20260809,occlusion,0.4,2,8,11,0.009080590238365494,0.09243697478991596,768,0.768
brief3_primary_occlusion-040_seed_20260809,20260809,occlusion,0.4,3,4,5,0.004524886877828055,0.04310344827586207,832,0.832
brief3_primary_occlusion-040_seed_20260809,20260809,occlusion,0.4,4,2,3,0.0022598870056497176,0.02608695652173913,838,0.838
brief3_primary_occlusion-040_seed_20260809,20260809,occlusion,0.4,5,0,2,0.0,0.017543859649122806,838,0.838
brief3_primary_occlusion-040_seed_20260809,20260809,occlusion,0.4,6,0,3,0.0,0.026785714285714284,838,0.838
brief3_primary_occlusion-040_seed_20260809,20260809,occlusion,0.4,7,1,5,0.001122334455667789,0.045871559633027525,843,0.843
brief3_primary_occlusion-040_seed_20260809,20260809,occlusion,0.4,8,1,0,0.0011173184357541898,0.0,843,0.843
brief3_primary_occlusion-040_seed_20260809,20260809,occlusion,0.4,9,0,0,0.0,0.0,879,0.879
brief3_primary_occlusion-040_seed_20260809,20260809,occlusion,0.4,10,1,0,0.0011185682326621924,0.0,880,0.88
brief3_primary_occlusion-040_seed_20260809,20260809,occlusion,0.4,11,0,1,0.0,0.009345794392523364,891,0.891
brief3_primary_occlusion-040_seed_20260809,20260809,occlusion,0.4,12,0,0,0.0,0.0,893,0.893
brief3_primary_occlusion-040_seed_20260809,20260809,occlusion,0.4,13,1,0,0.0011185682326621924,0.0,893,0.893
brief3_primary_occlusion-040_seed_20260809,20260809,occlusion,0.4,14,0,0,0.0,0.0,898,0.898
brief3_primary_occlusion-040_seed_20260809,20260809,occlusion,0.4,15,1,0,0.0011198208286674132,0.0,896,0.896
brief3_primary_occlusion-040_seed_20260809,20260809,occlusion,0.4,16,0,0,0.0,0.0,898,0.898
brief3_primary_occlusion-040_seed_20260809,20260809,occlusion,0.4,17,0,0,0.0,0.0,897,0.897
brief3_primary_occlusion-040_seed_20260809,20260809,occlusion,0.4,18,0,1,0.0,0.00925925925925926,896,0.896
brief3_primary_occlusion-040_seed_20260809,20260809,occlusion,0.4,19,0,0,0.0,0.0,901,0.901
brief3_primary_occlusion-040_seed_20260809,20260809,occlusion,0.4,20,0,1,0.0,0.009345794392523364,915,0.915
brief3_primary_occlusion-040_seed_20260809,20260809,occlusion,0.4,21,0,0,0.0,0.0,916,0.916
brief3_primary_occlusion-040_seed_20260809,20260809,occlusion,0.4,22,0,2,0.0,0.01886792452830189,909,0.909
brief3_primary_occlusion-040_seed_20260809,20260809,occlusion,0.4,23,0,0,0.0,0.0,914,0.914
brief3_primary_occlusion-040_seed_20260809,20260809,occlusion,0.4,24,0,0,0.0,0.0,915,0.915
brief3_primary_occlusion-040_seed_20260809,20260809,occlusion,0.4,25,0,0,0.0,0.0,911,0.911
brief3_primary_occlusion-040_seed_20260809,20260809,occlusion,0.4,26,1,0,0.0011160714285714283,0.0,916,0.916
brief3_primary_occlusion-040_seed_20260809,20260809,occlusion,0.4,27,0,0,0.0,0.0,908,0.908
brief3_primary_occlusion-040_seed_20260809,20260809,occlusion,0.4,28,0,0,0.0,0.0,904,0.904
brief3_primary_occlusion-040_seed_20260809,20260809,occlusion,0.4,29,0,0,0.0,0.0,893,0.893
brief3_primary_occlusion-040_seed_20260809,20260809,occlusion,0.4,30,2,0,0.0022346368715083797,0.0,887,0.887
brief3_primary_occlusion-040_seed_20260809,20260809,occlusion,0.4,31,0,0,0.0,0.0,881,0.881
brief3_primary_occlusion-040_seed_20260809,20260809,occlusion,0.4,32,0,0,0.0,0.0,876,0.876
brief3_primary_occlusion-055_seed_20260809,20260809,occlusion,0.55,1,0,0,0.0,0.0,0,0.0
brief3_primary_occlusion-055_seed_20260809,20260809,occlusion,0.55,2,1,0,0.001146788990825688,0.0,447,0.447
brief3_primary_occlusion-055_seed_20260809,20260809,occlusion,0.55,3,0,0,0.0,0.0,460,0.46
brief3_primary_occlusion-055_seed_20260809,20260809,occlusion,0.55,4,4,9,0.004592422502870264,0.06976744186046512,471,0.471
brief3_primary_occlusion-055_seed_20260809,20260809,occlusion,0.55,5,3,5,0.003424657534246575,0.04032258064516129,476,0.476
brief3_primary_occlusion-055_seed_20260809,20260809,occlusion,0.55,6,3,8,0.003416856492027335,0.06557377049180328,480,0.48
brief3_primary_occlusion-055_seed_20260809,20260809,occlusion,0.55,7,5,6,0.0056625141562853904,0.05128205128205128,483,0.483
brief3_primary_occlusion-055_seed_20260809,20260809,occlusion,0.55,8,3,5,0.003393665158371041,0.04310344827586207,482,0.482
brief3_primary_occlusion-055_seed_20260809,20260809,occlusion,0.55,9,1,2,0.001128668171557562,0.017543859649122806,484,0.484
brief3_primary_occlusion-055_seed_20260809,20260809,occlusion,0.55,10,0,1,0.0,0.008849557522123894,490,0.49
brief3_primary_occlusion-055_seed_20260809,20260809,occlusion,0.55,11,1,0,0.001126126126126126,0.0,493,0.493
brief3_primary_occlusion-055_seed_20260809,20260809,occlusion,0.55,12,1,1,0.0011273957158962795,0.008849557522123894,492,0.492
brief3_primary_occlusion-055_seed_20260809,20260809,occlusion,0.55,13,0,1,0.0,0.008849557522123894,495,0.495
brief3_primary_occlusion-055_seed_20260809,20260809,occlusion,0.55,14,1,1,0.001126126126126126,0.008928571428571428,498,0.498
brief3_primary_occlusion-055_seed_20260809,20260809,occlusion,0.55,15,1,0,0.001126126126126126,0.0,498,0.498
brief3_primary_occlusion-055_seed_20260809,20260809,occlusion,0.55,16,0,0,0.0,0.0,497,0.497
brief3_primary_occlusion-055_seed_20260809,20260809,occlusion,0.55,17,0,0,0.0,0.0,499,0.499
brief3_primary_occlusion-055_seed_20260809,20260809,occlusion,0.55,18,0,0,0.0,0.0,499,0.499
brief3_primary_occlusion-055_seed_20260809,20260809,occlusion,0.55,19,0,0,0.0,0.0,523,0.523
brief3_primary_occlusion-055_seed_20260809,20260809,occlusion,0.55,20,0,0,0.0,0.0,538,0.538
brief3_primary_occlusion-055_seed_20260809,20260809,occlusion,0.55,21,0,0,0.0,0.0,543,0.543
brief3_primary_occlusion-055_seed_20260809,20260809,occlusion,0.55,22,0,0,0.0,0.0,561,0.561
brief3_primary_occlusion-055_seed_20260809,20260809,occlusion,0.55,23,0,0,0.0,0.0,560,0.56
brief3_primary_occlusion-055_seed_20260809,20260809,occlusion,0.55,24,1,0,0.0011273957158962795,0.0,575,0.575
brief3_primary_occlusion-055_seed_20260809,20260809,occlusion,0.55,25,0,1,0.0,0.008771929824561403,570,0.57
brief3_primary_occlusion-055_seed_20260809,20260809,occlusion,0.55,26,1,0,0.0011273957158962795,0.0,578,0.578
brief3_primary_occlusion-055_seed_20260809,20260809,occlusion,0.55,27,0,0,0.0,0.0,576,0.576
brief3_primary_occlusion-055_seed_20260809,20260809,occlusion,0.55,28,1,0,0.001128668171557562,0.0,577,0.577
brief3_primary_occlusion-055_seed_20260809,20260809,occlusion,0.55,29,0,0,0.0,0.0,573,0.573
brief3_primary_occlusion-055_seed_20260809,20260809,occlusion,0.55,30,2,0,0.0022598870056497176,0.0,571,0.571
brief3_primary_occlusion-055_seed_20260809,20260809,occlusion,0.55,31,0,0,0.0,0.0,567,0.567
brief3_primary_occlusion-055_seed_20260809,20260809,occlusion,0.55,32,0,0,0.0,0.0,569,0.569
brief3_primary_vertical-strip_seed_20260809,20260809,vertical_strip,0.25,1,0,0,0.0,0.0,0,0.0
brief3_primary_vertical-strip_seed_20260809,20260809,vertical_strip,0.25,2,0,1,0.0,0.010309278350515464,933,0.933
brief3_primary_vertical-strip_seed_20260809,20260809,vertical_strip,0.25,3,0,0,0.0,0.0,936,0.936
brief3_primary_vertical-strip_seed_20260809,20260809,vertical_strip,0.25,4,1,0,0.0011061946902654867,0.0,940,0.94
brief3_primary_vertical-strip_seed_20260809,20260809,vertical_strip,0.25,5,0,0,0.0,0.0,942,0.942
brief3_primary_vertical-strip_seed_20260809,20260809,vertical_strip,0.25,6,0,0,0.0,0.0,941,0.941
brief3_primary_vertical-strip_seed_20260809,20260809,vertical_strip,0.25,7,0,0,0.0,0.0,943,0.943
brief3_primary_vertical-strip_seed_20260809,20260809,vertical_strip,0.25,8,0,0,0.0,0.0,941,0.941
brief3_primary_vertical-strip_seed_20260809,20260809,vertical_strip,0.25,9,0,0,0.0,0.0,942,0.942
brief3_primary_vertical-strip_seed_20260809,20260809,vertical_strip,0.25,10,0,0,0.0,0.0,941,0.941
brief3_primary_vertical-strip_seed_20260809,20260809,vertical_strip,0.25,11,0,0,0.0,0.0,941,0.941
brief3_primary_vertical-strip_seed_20260809,20260809,vertical_strip,0.25,12,0,0,0.0,0.0,941,0.941
brief3_primary_vertical-strip_seed_20260809,20260809,vertical_strip,0.25,13,0,0,0.0,0.0,941,0.941
brief3_primary_vertical-strip_seed_20260809,20260809,vertical_strip,0.25,14,0,0,0.0,0.0,943,0.943
brief3_primary_vertical-strip_seed_20260809,20260809,vertical_strip,0.25,15,0,0,0.0,0.0,944,0.944
brief3_primary_vertical-strip_seed_20260809,20260809,vertical_strip,0.25,16,0,0,0.0,0.0,945,0.945
brief3_primary_vertical-strip_seed_20260809,20260809,vertical_strip,0.25,17,0,0,0.0,0.0,945,0.945
brief3_primary_vertical-strip_seed_20260809,20260809,vertical_strip,0.25,18,0,0,0.0,0.0,945,0.945
brief3_primary_vertical-strip_seed_20260809,20260809,vertical_strip,0.25,19,0,0,0.0,0.0,945,0.945
brief3_primary_vertical-strip_seed_20260809,20260809,vertical_strip,0.25,20,0,0,0.0,0.0,942,0.942
brief3_primary_vertical-strip_seed_20260809,20260809,vertical_strip,0.25,21,0,0,0.0,0.0,940,0.94
brief3_primary_vertical-strip_seed_20260809,20260809,vertical_strip,0.25,22,0,0,0.0,0.0,937,0.937
brief3_primary_vertical-strip_seed_20260809,20260809,vertical_strip,0.25,23,0,0,0.0,0.0,929,0.929
brief3_primary_vertical-strip_seed_20260809,20260809,vertical_strip,0.25,24,0,0,0.0,0.0,918,0.918
brief3_primary_vertical-strip_seed_20260809,20260809,vertical_strip,0.25,25,0,0,0.0,0.0,909,0.909
brief3_primary_vertical-strip_seed_20260809,20260809,vertical_strip,0.25,26,0,0,0.0,0.0,897,0.897
brief3_primary_vertical-strip_seed_20260809,20260809,vertical_strip,0.25,27,0,0,0.0,0.0,886,0.886
brief3_primary_vertical-strip_seed_20260809,20260809,vertical_strip,0.25,28,0,0,0.0,0.0,876,0.876
brief3_primary_vertical-strip_seed_20260809,20260809,vertical_strip,0.25,29,0,0,0.0,0.0,864,0.864
brief3_primary_vertical-strip_seed_20260809,20260809,vertical_strip,0.25,30,0,0,0.0,0.0,855,0.855
brief3_primary_vertical-strip_seed_20260809,20260809,vertical_strip,0.25,31,0,0,0.0,0.0,849,0.849
brief3_primary_vertical-strip_seed_20260809,20260809,vertical_strip,0.25,32,0,0,0.0,0.0,837,0.837
brief3_primary_horizontal-strip_seed_20260809,20260809,horizontal_strip,0.25,1,0,0,0.0,0.0,0,0.0
brief3_primary_horizontal-strip_seed_20260809,20260809,horizontal_strip,0.25,2,0,0,0.0,0.0,994,0.994
brief3_primary_horizontal-strip_seed_20260809,20260809,horizontal_strip,0.25,3,0,0,0.0,0.0,998,0.998
brief3_primary_horizontal-strip_seed_20260809,20260809,horizontal_strip,0.25,4,0,0,0.0,0.0,999,0.999
brief3_primary_horizontal-strip_seed_20260809,20260809,horizontal_strip,0.25,5,0,0,0.0,0.0,999,0.999
brief3_primary_horizontal-strip_seed_20260809,20260809,horizontal_strip,0.25,6,0,0,0.0,0.0,1000,1.0
brief3_primary_horizontal-strip_seed_20260809,20260809,horizontal_strip,0.25,7,0,0,0.0,0.0,1000,1.0
brief3_primary_horizontal-strip_seed_20260809,20260809,horizontal_strip,0.25,8,0,0,0.0,0.0,1000,1.0
brief3_primary_horizontal-strip_seed_20260809,20260809,horizontal_strip,0.25,9,0,0,0.0,0.0,1000,1.0
brief3_primary_horizontal-strip_seed_20260809,20260809,horizontal_strip,0.25,10,0,0,0.0,0.0,1000,1.0
brief3_primary_horizontal-strip_seed_20260809,20260809,horizontal_strip,0.25,11,0,0,0.0,0.0,1000,1.0
brief3_primary_horizontal-strip_seed_20260809,20260809,horizontal_strip,0.25,12,0,0,0.0,0.0,1000,1.0
brief3_primary_horizontal-strip_seed_20260809,20260809,horizontal_strip,0.25,13,0,0,0.0,0.0,1000,1.0
brief3_primary_horizontal-strip_seed_20260809,20260809,horizontal_strip,0.25,14,0,0,0.0,0.0,1000,1.0
brief3_primary_horizontal-strip_seed_20260809,20260809,horizontal_strip,0.25,15,0,0,0.0,0.0,999,0.999
brief3_primary_horizontal-strip_seed_20260809,20260809,horizontal_strip,0.25,16,0,0,0.0,0.0,999,0.999
brief3_primary_horizontal-strip_seed_20260809,20260809,horizontal_strip,0.25,17,0,0,0.0,0.0,1000,1.0
brief3_primary_horizontal-strip_seed_20260809,20260809,horizontal_strip,0.25,18,0,0,0.0,0.0,1000,1.0
brief3_primary_horizontal-strip_seed_20260809,20260809,horizontal_strip,0.25,19,0,0,0.0,0.0,999,0.999
brief3_primary_horizontal-strip_seed_20260809,20260809,horizontal_strip,0.25,20,0,0,0.0,0.0,999,0.999
brief3_primary_horizontal-strip_seed_20260809,20260809,horizontal_strip,0.25,21,0,0,0.0,0.0,998,0.998
brief3_primary_horizontal-strip_seed_20260809,20260809,horizontal_strip,0.25,22,0,0,0.0,0.0,998,0.998
brief3_primary_horizontal-strip_seed_20260809,20260809,horizontal_strip,0.25,23,0,0,0.0,0.0,998,0.998
brief3_primary_horizontal-strip_seed_20260809,20260809,horizontal_strip,0.25,24,0,0,0.0,0.0,998,0.998
brief3_primary_horizontal-strip_seed_20260809,20260809,horizontal_strip,0.25,25,0,0,0.0,0.0,998,0.998
brief3_primary_horizontal-strip_seed_20260809,20260809,horizontal_strip,0.25,26,0,0,0.0,0.0,998,0.998
brief3_primary_horizontal-strip_seed_20260809,20260809,horizontal_strip,0.25,27,0,0,0.0,0.0,995,0.995
brief3_primary_horizontal-strip_seed_20260809,20260809,horizontal_strip,0.25,28,0,0,0.0,0.0,991,0.991
brief3_primary_horizontal-strip_seed_20260809,20260809,horizontal_strip,0.25,29,0,0,0.0,0.0,990,0.99
brief3_primary_horizontal-strip_seed_20260809,20260809,horizontal_strip,0.25,30,1,0,0.0011312217194570137,0.0,990,0.99
brief3_primary_horizontal-strip_seed_20260809,20260809,horizontal_strip,0.25,31,0,0,0.0,0.0,988,0.988
brief3_primary_horizontal-strip_seed_20260809,20260809,horizontal_strip,0.25,32,0,0,0.0,0.0,985,0.985
brief3_primary_central-block_seed_20260809,20260809,central_block,0.25,1,0,0,0.0,0.0,0,0.0
brief3_primary_central-block_seed_20260809,20260809,central_block,0.25,2,0,3,0.0,0.029411764705882353,936,0.936
brief3_primary_central-block_seed_20260809,20260809,central_block,0.25,3,0,0,0.0,0.0,951,0.951
brief3_primary_central-block_seed_20260809,20260809,central_block,0.25,4,0,13,0.0,0.13131313131313133,955,0.955
brief3_primary_central-block_seed_20260809,20260809,central_block,0.25,5,0,0,0.0,0.0,958,0.958
brief3_primary_central-block_seed_20260809,20260809,central_block,0.25,6,0,0,0.0,0.0,961,0.961
brief3_primary_central-block_seed_20260809,20260809,central_block,0.25,7,0,1,0.0,0.011627906976744186,959,0.959
brief3_primary_central-block_seed_20260809,20260809,central_block,0.25,8,0,0,0.0,0.0,964,0.964
brief3_primary_central-block_seed_20260809,20260809,central_block,0.25,9,1,0,0.001092896174863388,0.0,962,0.962
brief3_primary_central-block_seed_20260809,20260809,central_block,0.25,10,0,0,0.0,0.0,968,0.968
brief3_primary_central-block_seed_20260809,20260809,central_block,0.25,11,0,0,0.0,0.0,972,0.972
brief3_primary_central-block_seed_20260809,20260809,central_block,0.25,12,0,1,0.0,0.011627906976744186,973,0.973
brief3_primary_central-block_seed_20260809,20260809,central_block,0.25,13,0,0,0.0,0.0,974,0.974
brief3_primary_central-block_seed_20260809,20260809,central_block,0.25,14,0,0,0.0,0.0,977,0.977
brief3_primary_central-block_seed_20260809,20260809,central_block,0.25,15,0,0,0.0,0.0,975,0.975
brief3_primary_central-block_seed_20260809,20260809,central_block,0.25,16,0,0,0.0,0.0,976,0.976
brief3_primary_central-block_seed_20260809,20260809,central_block,0.25,17,0,0,0.0,0.0,977,0.977
brief3_primary_central-block_seed_20260809,20260809,central_block,0.25,18,0,0,0.0,0.0,974,0.974
brief3_primary_central-block_seed_20260809,20260809,central_block,0.25,19,0,0,0.0,0.0,983,0.983
brief3_primary_central-block_seed_20260809,20260809,central_block,0.25,20,0,0,0.0,0.0,991,0.991
brief3_primary_central-block_seed_20260809,20260809,central_block,0.25,21,0,0,0.0,0.0,980,0.98
brief3_primary_central-block_seed_20260809,20260809,central_block,0.25,22,0,0,0.0,0.0,983,0.983
brief3_primary_central-block_seed_20260809,20260809,central_block,0.25,23,0,0,0.0,0.0,987,0.987
brief3_primary_central-block_seed_20260809,20260809,central_block,0.25,24,1,0,0.001092896174863388,0.0,989,0.989
brief3_primary_central-block_seed_20260809,20260809,central_block,0.25,25,0,0,0.0,0.0,987,0.987
brief3_primary_central-block_seed_20260809,20260809,central_block,0.25,26,1,0,0.0010940919037199124,0.0,984,0.984
brief3_primary_central-block_seed_20260809,20260809,central_block,0.25,27,0,0,0.0,0.0,981,0.981
brief3_primary_central-block_seed_20260809,20260809,central_block,0.25,28,0,0,0.0,0.0,975,0.975
brief3_primary_central-block_seed_20260809,20260809,central_block,0.25,29,0,0,0.0,0.0,972,0.972
brief3_primary_central-block_seed_20260809,20260809,central_block,0.25,30,1,0,0.001095290251916758,0.0,964,0.964
brief3_primary_central-block_seed_20260809,20260809,central_block,0.25,31,0,0,0.0,0.0,958,0.958
brief3_primary_central-block_seed_20260809,20260809,central_block,0.25,32,0,0,0.0,0.0,950,0.95
brief3_primary_random-patches_seed_20260809,20260809,random_patches,0.25,1,0,0,0.0,0.0,0,0.0
brief3_primary_random-patches_seed_20260809,20260809,random_patches,0.25,2,0,0,0.0,0.0,997,0.997
brief3_primary_random-patches_seed_20260809,20260809,random_patches,0.25,3,0,0,0.0,0.0,1000,1.0
brief3_primary_random-patches_seed_20260809,20260809,random_patches,0.25,4,0,0,0.0,0.0,1000,1.0
brief3_primary_random-patches_seed_20260809,20260809,random_patches,0.25,5,1,0,0.0010822510822510825,0.0,998,0.998
brief3_primary_random-patches_seed_20260809,20260809,random_patches,0.25,6,0,0,0.0,0.0,1000,1.0
brief3_primary_random-patches_seed_20260809,20260809,random_patches,0.25,7,0,0,0.0,0.0,1000,1.0
brief3_primary_random-patches_seed_20260809,20260809,random_patches,0.25,8,0,0,0.0,0.0,1000,1.0
brief3_primary_random-patches_seed_20260809,20260809,random_patches,0.25,9,0,0,0.0,0.0,1000,1.0
brief3_primary_random-patches_seed_20260809,20260809,random_patches,0.25,10,0,0,0.0,0.0,1000,1.0
brief3_primary_random-patches_seed_20260809,20260809,random_patches,0.25,11,0,0,0.0,0.0,999,0.999
brief3_primary_random-patches_seed_20260809,20260809,random_patches,0.25,12,0,0,0.0,0.0,1000,1.0
brief3_primary_random-patches_seed_20260809,20260809,random_patches,0.25,13,0,0,0.0,0.0,1000,1.0
brief3_primary_random-patches_seed_20260809,20260809,random_patches,0.25,14,1,0,0.0010834236186348862,0.0,998,0.998
brief3_primary_random-patches_seed_20260809,20260809,random_patches,0.25,15,0,0,0.0,0.0,999,0.999
brief3_primary_random-patches_seed_20260809,20260809,random_patches,0.25,16,0,0,0.0,0.0,999,0.999
brief3_primary_random-patches_seed_20260809,20260809,random_patches,0.25,17,0,0,0.0,0.0,998,0.998
brief3_primary_random-patches_seed_20260809,20260809,random_patches,0.25,18,0,0,0.0,0.0,997,0.997
brief3_primary_random-patches_seed_20260809,20260809,random_patches,0.25,19,0,1,0.0,0.01282051282051282,992,0.992
brief3_primary_random-patches_seed_20260809,20260809,random_patches,0.25,20,0,0,0.0,0.0,989,0.989
brief3_primary_random-patches_seed_20260809,20260809,random_patches,0.25,21,0,0,0.0,0.0,985,0.985
brief3_primary_random-patches_seed_20260809,20260809,random_patches,0.25,22,0,0,0.0,0.0,974,0.974
brief3_primary_random-patches_seed_20260809,20260809,random_patches,0.25,23,0,0,0.0,0.0,965,0.965
brief3_primary_random-patches_seed_20260809,20260809,random_patches,0.25,24,0,0,0.0,0.0,957,0.957
brief3_primary_random-patches_seed_20260809,20260809,random_patches,0.25,25,0,0,0.0,0.0,939,0.939
brief3_primary_random-patches_seed_20260809,20260809,random_patches,0.25,26,0,0,0.0,0.0,927,0.927
brief3_primary_random-patches_seed_20260809,20260809,random_patches,0.25,27,0,0,0.0,0.0,916,0.916
brief3_primary_random-patches_seed_20260809,20260809,random_patches,0.25,28,0,0,0.0,0.0,896,0.896
brief3_primary_random-patches_seed_20260809,20260809,random_patches,0.25,29,0,0,0.0,0.0,875,0.875
brief3_primary_random-patches_seed_20260809,20260809,random_patches,0.25,30,1,0,0.0010834236186348862,0.0,859,0.859
brief3_primary_random-patches_seed_20260809,20260809,random_patches,0.25,31,0,0,0.0,0.0,846,0.846
brief3_primary_random-patches_seed_20260809,20260809,random_patches,0.25,32,0,0,0.0,0.0,834,0.834
brief3_primary_clean_seed_20260810,20260810,clean,0.0,1,0,0,0.0,0.0,0,0.0
brief3_primary_clean_seed_20260810,20260810,clean,0.0,2,0,1,0.0,0.014285714285714284,996,0.996
brief3_primary_clean_seed_20260810,20260810,clean,0.0,3,1,0,0.0010741138560687433,0.0,999,0.999
brief3_primary_clean_seed_20260810,20260810,clean,0.0,4,0,0,0.0,0.0,1000,1.0
brief3_primary_clean_seed_20260810,20260810,clean,0.0,5,1,0,0.001075268817204301,0.0,999,0.999
brief3_primary_clean_seed_20260810,20260810,clean,0.0,6,0,0,0.0,0.0,999,0.999
brief3_primary_clean_seed_20260810,20260810,clean,0.0,7,1,0,0.001076426264800861,0.0,998,0.998
brief3_primary_clean_seed_20260810,20260810,clean,0.0,8,0,0,0.0,0.0,998,0.998
brief3_primary_clean_seed_20260810,20260810,clean,0.0,9,0,0,0.0,0.0,999,0.999
brief3_primary_clean_seed_20260810,20260810,clean,0.0,10,0,0,0.0,0.0,999,0.999
brief3_primary_clean_seed_20260810,20260810,clean,0.0,11,0,0,0.0,0.0,998,0.998
brief3_primary_clean_seed_20260810,20260810,clean,0.0,12,0,0,0.0,0.0,998,0.998
brief3_primary_clean_seed_20260810,20260810,clean,0.0,13,0,0,0.0,0.0,997,0.997
brief3_primary_clean_seed_20260810,20260810,clean,0.0,14,0,1,0.0,0.013888888888888888,995,0.995
brief3_primary_clean_seed_20260810,20260810,clean,0.0,15,0,0,0.0,0.0,998,0.998
brief3_primary_clean_seed_20260810,20260810,clean,0.0,16,0,0,0.0,0.0,996,0.996
brief3_primary_clean_seed_20260810,20260810,clean,0.0,17,0,0,0.0,0.0,997,0.997
brief3_primary_clean_seed_20260810,20260810,clean,0.0,18,0,0,0.0,0.0,994,0.994
brief3_primary_clean_seed_20260810,20260810,clean,0.0,19,0,0,0.0,0.0,994,0.994
brief3_primary_clean_seed_20260810,20260810,clean,0.0,20,0,0,0.0,0.0,984,0.984
brief3_primary_clean_seed_20260810,20260810,clean,0.0,21,0,0,0.0,0.0,973,0.973
brief3_primary_clean_seed_20260810,20260810,clean,0.0,22,0,0,0.0,0.0,963,0.963
brief3_primary_clean_seed_20260810,20260810,clean,0.0,23,0,0,0.0,0.0,951,0.951
brief3_primary_clean_seed_20260810,20260810,clean,0.0,24,0,0,0.0,0.0,941,0.941
brief3_primary_clean_seed_20260810,20260810,clean,0.0,25,0,0,0.0,0.0,928,0.928
brief3_primary_clean_seed_20260810,20260810,clean,0.0,26,0,1,0.0,0.01408450704225352,916,0.916
brief3_primary_clean_seed_20260810,20260810,clean,0.0,27,1,1,0.001075268817204301,0.014285714285714284,903,0.903
brief3_primary_clean_seed_20260810,20260810,clean,0.0,28,0,0,0.0,0.0,887,0.887
brief3_primary_clean_seed_20260810,20260810,clean,0.0,29,0,0,0.0,0.0,867,0.867
brief3_primary_clean_seed_20260810,20260810,clean,0.0,30,0,0,0.0,0.0,847,0.847
brief3_primary_clean_seed_20260810,20260810,clean,0.0,31,0,0,0.0,0.0,833,0.833
brief3_primary_clean_seed_20260810,20260810,clean,0.0,32,0,0,0.0,0.0,813,0.813
brief3_primary_gaussian-010_seed_20260810,20260810,gaussian,0.1,1,0,0,0.0,0.0,0,0.0
brief3_primary_gaussian-010_seed_20260810,20260810,gaussian,0.1,2,0,0,0.0,0.0,994,0.994
brief3_primary_gaussian-010_seed_20260810,20260810,gaussian,0.1,3,0,0,0.0,0.0,997,0.997
brief3_primary_gaussian-010_seed_20260810,20260810,gaussian,0.1,4,0,0,0.0,0.0,1000,1.0
brief3_primary_gaussian-010_seed_20260810,20260810,gaussian,0.1,5,0,0,0.0,0.0,999,0.999
brief3_primary_gaussian-010_seed_20260810,20260810,gaussian,0.1,6,0,0,0.0,0.0,999,0.999
brief3_primary_gaussian-010_seed_20260810,20260810,gaussian,0.1,7,0,0,0.0,0.0,999,0.999
brief3_primary_gaussian-010_seed_20260810,20260810,gaussian,0.1,8,0,0,0.0,0.0,999,0.999
brief3_primary_gaussian-010_seed_20260810,20260810,gaussian,0.1,9,0,0,0.0,0.0,1000,1.0
brief3_primary_gaussian-010_seed_20260810,20260810,gaussian,0.1,10,0,0,0.0,0.0,999,0.999
brief3_primary_gaussian-010_seed_20260810,20260810,gaussian,0.1,11,0,0,0.0,0.0,1000,1.0
brief3_primary_gaussian-010_seed_20260810,20260810,gaussian,0.1,12,0,0,0.0,0.0,1000,1.0
brief3_primary_gaussian-010_seed_20260810,20260810,gaussian,0.1,13,0,0,0.0,0.0,1000,1.0
brief3_primary_gaussian-010_seed_20260810,20260810,gaussian,0.1,14,0,0,0.0,0.0,1000,1.0
brief3_primary_gaussian-010_seed_20260810,20260810,gaussian,0.1,15,0,0,0.0,0.0,1000,1.0
brief3_primary_gaussian-010_seed_20260810,20260810,gaussian,0.1,16,0,0,0.0,0.0,1000,1.0
brief3_primary_gaussian-010_seed_20260810,20260810,gaussian,0.1,17,0,0,0.0,0.0,1000,1.0
brief3_primary_gaussian-010_seed_20260810,20260810,gaussian,0.1,18,0,0,0.0,0.0,1000,1.0
brief3_primary_gaussian-010_seed_20260810,20260810,gaussian,0.1,19,0,0,0.0,0.0,998,0.998
brief3_primary_gaussian-010_seed_20260810,20260810,gaussian,0.1,20,0,0,0.0,0.0,994,0.994
brief3_primary_gaussian-010_seed_20260810,20260810,gaussian,0.1,21,0,0,0.0,0.0,990,0.99
brief3_primary_gaussian-010_seed_20260810,20260810,gaussian,0.1,22,0,0,0.0,0.0,977,0.977
brief3_primary_gaussian-010_seed_20260810,20260810,gaussian,0.1,23,0,0,0.0,0.0,969,0.969
brief3_primary_gaussian-010_seed_20260810,20260810,gaussian,0.1,24,0,0,0.0,0.0,956,0.956
brief3_primary_gaussian-010_seed_20260810,20260810,gaussian,0.1,25,0,0,0.0,0.0,945,0.945
brief3_primary_gaussian-010_seed_20260810,20260810,gaussian,0.1,26,0,0,0.0,0.0,933,0.933
brief3_primary_gaussian-010_seed_20260810,20260810,gaussian,0.1,27,0,0,0.0,0.0,921,0.921
brief3_primary_gaussian-010_seed_20260810,20260810,gaussian,0.1,28,0,0,0.0,0.0,912,0.912
brief3_primary_gaussian-010_seed_20260810,20260810,gaussian,0.1,29,0,0,0.0,0.0,891,0.891
brief3_primary_gaussian-010_seed_20260810,20260810,gaussian,0.1,30,0,0,0.0,0.0,877,0.877
brief3_primary_gaussian-010_seed_20260810,20260810,gaussian,0.1,31,0,0,0.0,0.0,859,0.859
brief3_primary_gaussian-010_seed_20260810,20260810,gaussian,0.1,32,0,0,0.0,0.0,841,0.841
brief3_primary_gaussian-020_seed_20260810,20260810,gaussian,0.2,1,0,0,0.0,0.0,0,0.0
brief3_primary_gaussian-020_seed_20260810,20260810,gaussian,0.2,2,1,0,0.0010706638115631692,0.0,998,0.998
brief3_primary_gaussian-020_seed_20260810,20260810,gaussian,0.2,3,0,0,0.0,0.0,999,0.999
brief3_primary_gaussian-020_seed_20260810,20260810,gaussian,0.2,4,0,0,0.0,0.0,999,0.999
brief3_primary_gaussian-020_seed_20260810,20260810,gaussian,0.2,5,0,0,0.0,0.0,999,0.999
brief3_primary_gaussian-020_seed_20260810,20260810,gaussian,0.2,6,0,0,0.0,0.0,1000,1.0
brief3_primary_gaussian-020_seed_20260810,20260810,gaussian,0.2,7,0,0,0.0,0.0,999,0.999
brief3_primary_gaussian-020_seed_20260810,20260810,gaussian,0.2,8,0,0,0.0,0.0,998,0.998
brief3_primary_gaussian-020_seed_20260810,20260810,gaussian,0.2,9,0,0,0.0,0.0,1000,1.0
brief3_primary_gaussian-020_seed_20260810,20260810,gaussian,0.2,10,0,0,0.0,0.0,998,0.998
brief3_primary_gaussian-020_seed_20260810,20260810,gaussian,0.2,11,0,0,0.0,0.0,999,0.999
brief3_primary_gaussian-020_seed_20260810,20260810,gaussian,0.2,12,0,0,0.0,0.0,999,0.999
brief3_primary_gaussian-020_seed_20260810,20260810,gaussian,0.2,13,0,0,0.0,0.0,999,0.999
brief3_primary_gaussian-020_seed_20260810,20260810,gaussian,0.2,14,0,0,0.0,0.0,999,0.999
brief3_primary_gaussian-020_seed_20260810,20260810,gaussian,0.2,15,0,0,0.0,0.0,999,0.999
brief3_primary_gaussian-020_seed_20260810,20260810,gaussian,0.2,16,0,0,0.0,0.0,999,0.999
brief3_primary_gaussian-020_seed_20260810,20260810,gaussian,0.2,17,0,0,0.0,0.0,1000,1.0
brief3_primary_gaussian-020_seed_20260810,20260810,gaussian,0.2,18,0,0,0.0,0.0,1000,1.0
brief3_primary_gaussian-020_seed_20260810,20260810,gaussian,0.2,19,0,0,0.0,0.0,999,0.999
brief3_primary_gaussian-020_seed_20260810,20260810,gaussian,0.2,20,0,0,0.0,0.0,996,0.996
brief3_primary_gaussian-020_seed_20260810,20260810,gaussian,0.2,21,0,0,0.0,0.0,993,0.993
brief3_primary_gaussian-020_seed_20260810,20260810,gaussian,0.2,22,0,0,0.0,0.0,990,0.99
brief3_primary_gaussian-020_seed_20260810,20260810,gaussian,0.2,23,0,0,0.0,0.0,983,0.983
brief3_primary_gaussian-020_seed_20260810,20260810,gaussian,0.2,24,0,0,0.0,0.0,967,0.967
brief3_primary_gaussian-020_seed_20260810,20260810,gaussian,0.2,25,0,0,0.0,0.0,959,0.959
brief3_primary_gaussian-020_seed_20260810,20260810,gaussian,0.2,26,0,0,0.0,0.0,947,0.947
brief3_primary_gaussian-020_seed_20260810,20260810,gaussian,0.2,27,0,0,0.0,0.0,935,0.935
brief3_primary_gaussian-020_seed_20260810,20260810,gaussian,0.2,28,0,0,0.0,0.0,922,0.922
brief3_primary_gaussian-020_seed_20260810,20260810,gaussian,0.2,29,0,0,0.0,0.0,913,0.913
brief3_primary_gaussian-020_seed_20260810,20260810,gaussian,0.2,30,0,0,0.0,0.0,901,0.901
brief3_primary_gaussian-020_seed_20260810,20260810,gaussian,0.2,31,0,0,0.0,0.0,897,0.897
brief3_primary_gaussian-020_seed_20260810,20260810,gaussian,0.2,32,0,0,0.0,0.0,881,0.881
brief3_primary_gaussian-030_seed_20260810,20260810,gaussian,0.3,1,0,0,0.0,0.0,0,0.0
brief3_primary_gaussian-030_seed_20260810,20260810,gaussian,0.3,2,1,0,0.0010683760683760685,0.0,998,0.998
brief3_primary_gaussian-030_seed_20260810,20260810,gaussian,0.3,3,0,0,0.0,0.0,999,0.999
brief3_primary_gaussian-030_seed_20260810,20260810,gaussian,0.3,4,0,0,0.0,0.0,1000,1.0
brief3_primary_gaussian-030_seed_20260810,20260810,gaussian,0.3,5,0,0,0.0,0.0,999,0.999
brief3_primary_gaussian-030_seed_20260810,20260810,gaussian,0.3,6,0,1,0.0,0.015384615384615384,999,0.999
brief3_primary_gaussian-030_seed_20260810,20260810,gaussian,0.3,7,0,0,0.0,0.0,999,0.999
brief3_primary_gaussian-030_seed_20260810,20260810,gaussian,0.3,8,0,0,0.0,0.0,999,0.999
brief3_primary_gaussian-030_seed_20260810,20260810,gaussian,0.3,9,0,0,0.0,0.0,1000,1.0
brief3_primary_gaussian-030_seed_20260810,20260810,gaussian,0.3,10,0,0,0.0,0.0,1000,1.0
brief3_primary_gaussian-030_seed_20260810,20260810,gaussian,0.3,11,0,0,0.0,0.0,1000,1.0
brief3_primary_gaussian-030_seed_20260810,20260810,gaussian,0.3,12,0,0,0.0,0.0,999,0.999
brief3_primary_gaussian-030_seed_20260810,20260810,gaussian,0.3,13,0,0,0.0,0.0,999,0.999
brief3_primary_gaussian-030_seed_20260810,20260810,gaussian,0.3,14,0,0,0.0,0.0,999,0.999
brief3_primary_gaussian-030_seed_20260810,20260810,gaussian,0.3,15,0,0,0.0,0.0,1000,1.0
brief3_primary_gaussian-030_seed_20260810,20260810,gaussian,0.3,16,0,0,0.0,0.0,1000,1.0
brief3_primary_gaussian-030_seed_20260810,20260810,gaussian,0.3,17,0,0,0.0,0.0,1000,1.0
brief3_primary_gaussian-030_seed_20260810,20260810,gaussian,0.3,18,0,0,0.0,0.0,1000,1.0
brief3_primary_gaussian-030_seed_20260810,20260810,gaussian,0.3,19,0,0,0.0,0.0,1000,1.0
brief3_primary_gaussian-030_seed_20260810,20260810,gaussian,0.3,20,0,0,0.0,0.0,999,0.999
brief3_primary_gaussian-030_seed_20260810,20260810,gaussian,0.3,21,0,0,0.0,0.0,996,0.996
brief3_primary_gaussian-030_seed_20260810,20260810,gaussian,0.3,22,0,0,0.0,0.0,994,0.994
brief3_primary_gaussian-030_seed_20260810,20260810,gaussian,0.3,23,0,0,0.0,0.0,993,0.993
brief3_primary_gaussian-030_seed_20260810,20260810,gaussian,0.3,24,1,0,0.0010683760683760685,0.0,989,0.989
brief3_primary_gaussian-030_seed_20260810,20260810,gaussian,0.3,25,0,0,0.0,0.0,981,0.981
brief3_primary_gaussian-030_seed_20260810,20260810,gaussian,0.3,26,0,0,0.0,0.0,968,0.968
brief3_primary_gaussian-030_seed_20260810,20260810,gaussian,0.3,27,0,0,0.0,0.0,956,0.956
brief3_primary_gaussian-030_seed_20260810,20260810,gaussian,0.3,28,0,0,0.0,0.0,950,0.95
brief3_primary_gaussian-030_seed_20260810,20260810,gaussian,0.3,29,0,0,0.0,0.0,936,0.936
brief3_primary_gaussian-030_seed_20260810,20260810,gaussian,0.3,30,0,0,0.0,0.0,922,0.922
brief3_primary_gaussian-030_seed_20260810,20260810,gaussian,0.3,31,0,0,0.0,0.0,915,0.915
brief3_primary_gaussian-030_seed_20260810,20260810,gaussian,0.3,32,0,0,0.0,0.0,897,0.897
brief3_primary_gaussian-040_seed_20260810,20260810,gaussian,0.4,1,0,0,0.0,0.0,0,0.0
brief3_primary_gaussian-040_seed_20260810,20260810,gaussian,0.4,2,0,0,0.0,0.0,998,0.998
brief3_primary_gaussian-040_seed_20260810,20260810,gaussian,0.4,3,0,0,0.0,0.0,999,0.999
brief3_primary_gaussian-040_seed_20260810,20260810,gaussian,0.4,4,0,0,0.0,0.0,998,0.998
brief3_primary_gaussian-040_seed_20260810,20260810,gaussian,0.4,5,0,0,0.0,0.0,1000,1.0
brief3_primary_gaussian-040_seed_20260810,20260810,gaussian,0.4,6,0,0,0.0,0.0,1000,1.0
brief3_primary_gaussian-040_seed_20260810,20260810,gaussian,0.4,7,0,0,0.0,0.0,1000,1.0
brief3_primary_gaussian-040_seed_20260810,20260810,gaussian,0.4,8,0,0,0.0,0.0,999,0.999
brief3_primary_gaussian-040_seed_20260810,20260810,gaussian,0.4,9,0,0,0.0,0.0,997,0.997
brief3_primary_gaussian-040_seed_20260810,20260810,gaussian,0.4,10,0,0,0.0,0.0,1000,1.0
brief3_primary_gaussian-040_seed_20260810,20260810,gaussian,0.4,11,0,0,0.0,0.0,1000,1.0
brief3_primary_gaussian-040_seed_20260810,20260810,gaussian,0.4,12,0,0,0.0,0.0,1000,1.0
brief3_primary_gaussian-040_seed_20260810,20260810,gaussian,0.4,13,0,0,0.0,0.0,1000,1.0
brief3_primary_gaussian-040_seed_20260810,20260810,gaussian,0.4,14,0,0,0.0,0.0,999,0.999
brief3_primary_gaussian-040_seed_20260810,20260810,gaussian,0.4,15,0,0,0.0,0.0,1000,1.0
brief3_primary_gaussian-040_seed_20260810,20260810,gaussian,0.4,16,0,0,0.0,0.0,1000,1.0
brief3_primary_gaussian-040_seed_20260810,20260810,gaussian,0.4,17,0,0,0.0,0.0,999,0.999
brief3_primary_gaussian-040_seed_20260810,20260810,gaussian,0.4,18,0,0,0.0,0.0,998,0.998
brief3_primary_gaussian-040_seed_20260810,20260810,gaussian,0.4,19,0,0,0.0,0.0,998,0.998
brief3_primary_gaussian-040_seed_20260810,20260810,gaussian,0.4,20,0,0,0.0,0.0,998,0.998
brief3_primary_gaussian-040_seed_20260810,20260810,gaussian,0.4,21,0,0,0.0,0.0,996,0.996
brief3_primary_gaussian-040_seed_20260810,20260810,gaussian,0.4,22,0,0,0.0,0.0,994,0.994
brief3_primary_gaussian-040_seed_20260810,20260810,gaussian,0.4,23,0,0,0.0,0.0,993,0.993
brief3_primary_gaussian-040_seed_20260810,20260810,gaussian,0.4,24,0,0,0.0,0.0,990,0.99
brief3_primary_gaussian-040_seed_20260810,20260810,gaussian,0.4,25,0,0,0.0,0.0,990,0.99
brief3_primary_gaussian-040_seed_20260810,20260810,gaussian,0.4,26,0,0,0.0,0.0,984,0.984
brief3_primary_gaussian-040_seed_20260810,20260810,gaussian,0.4,27,0,0,0.0,0.0,977,0.977
brief3_primary_gaussian-040_seed_20260810,20260810,gaussian,0.4,28,0,0,0.0,0.0,971,0.971
brief3_primary_gaussian-040_seed_20260810,20260810,gaussian,0.4,29,0,0,0.0,0.0,964,0.964
brief3_primary_gaussian-040_seed_20260810,20260810,gaussian,0.4,30,0,0,0.0,0.0,954,0.954
brief3_primary_gaussian-040_seed_20260810,20260810,gaussian,0.4,31,0,0,0.0,0.0,946,0.946
brief3_primary_gaussian-040_seed_20260810,20260810,gaussian,0.4,32,0,0,0.0,0.0,934,0.934
brief3_primary_occlusion-010_seed_20260810,20260810,occlusion,0.1,1,0,0,0.0,0.0,0,0.0
brief3_primary_occlusion-010_seed_20260810,20260810,occlusion,0.1,2,0,0,0.0,0.0,998,0.998
brief3_primary_occlusion-010_seed_20260810,20260810,occlusion,0.1,3,1,0,0.0010741138560687433,0.0,997,0.997
brief3_primary_occlusion-010_seed_20260810,20260810,occlusion,0.1,4,0,0,0.0,0.0,1000,1.0
brief3_primary_occlusion-010_seed_20260810,20260810,occlusion,0.1,5,0,0,0.0,0.0,1000,1.0
brief3_primary_occlusion-010_seed_20260810,20260810,occlusion,0.1,6,0,0,0.0,0.0,999,0.999
brief3_primary_occlusion-010_seed_20260810,20260810,occlusion,0.1,7,0,0,0.0,0.0,999,0.999
brief3_primary_occlusion-010_seed_20260810,20260810,occlusion,0.1,8,0,0,0.0,0.0,999,0.999
brief3_primary_occlusion-010_seed_20260810,20260810,occlusion,0.1,9,0,0,0.0,0.0,999,0.999
brief3_primary_occlusion-010_seed_20260810,20260810,occlusion,0.1,10,0,0,0.0,0.0,999,0.999
brief3_primary_occlusion-010_seed_20260810,20260810,occlusion,0.1,11,0,0,0.0,0.0,999,0.999
brief3_primary_occlusion-010_seed_20260810,20260810,occlusion,0.1,12,0,0,0.0,0.0,999,0.999
brief3_primary_occlusion-010_seed_20260810,20260810,occlusion,0.1,13,0,0,0.0,0.0,999,0.999
brief3_primary_occlusion-010_seed_20260810,20260810,occlusion,0.1,14,0,0,0.0,0.0,999,0.999
brief3_primary_occlusion-010_seed_20260810,20260810,occlusion,0.1,15,0,0,0.0,0.0,1000,1.0
brief3_primary_occlusion-010_seed_20260810,20260810,occlusion,0.1,16,0,0,0.0,0.0,1000,1.0
brief3_primary_occlusion-010_seed_20260810,20260810,occlusion,0.1,17,0,0,0.0,0.0,999,0.999
brief3_primary_occlusion-010_seed_20260810,20260810,occlusion,0.1,18,0,0,0.0,0.0,998,0.998
brief3_primary_occlusion-010_seed_20260810,20260810,occlusion,0.1,19,0,0,0.0,0.0,995,0.995
brief3_primary_occlusion-010_seed_20260810,20260810,occlusion,0.1,20,0,0,0.0,0.0,985,0.985
brief3_primary_occlusion-010_seed_20260810,20260810,occlusion,0.1,21,0,0,0.0,0.0,975,0.975
brief3_primary_occlusion-010_seed_20260810,20260810,occlusion,0.1,22,0,0,0.0,0.0,967,0.967
brief3_primary_occlusion-010_seed_20260810,20260810,occlusion,0.1,23,0,0,0.0,0.0,959,0.959
brief3_primary_occlusion-010_seed_20260810,20260810,occlusion,0.1,24,0,0,0.0,0.0,953,0.953
brief3_primary_occlusion-010_seed_20260810,20260810,occlusion,0.1,25,0,0,0.0,0.0,938,0.938
brief3_primary_occlusion-010_seed_20260810,20260810,occlusion,0.1,26,0,0,0.0,0.0,920,0.92
brief3_primary_occlusion-010_seed_20260810,20260810,occlusion,0.1,27,0,0,0.0,0.0,900,0.9
brief3_primary_occlusion-010_seed_20260810,20260810,occlusion,0.1,28,0,0,0.0,0.0,882,0.882
brief3_primary_occlusion-010_seed_20260810,20260810,occlusion,0.1,29,0,0,0.0,0.0,864,0.864
brief3_primary_occlusion-010_seed_20260810,20260810,occlusion,0.1,30,0,0,0.0,0.0,849,0.849
brief3_primary_occlusion-010_seed_20260810,20260810,occlusion,0.1,31,0,0,0.0,0.0,841,0.841
brief3_primary_occlusion-010_seed_20260810,20260810,occlusion,0.1,32,0,0,0.0,0.0,827,0.827
brief3_primary_occlusion-025_seed_20260810,20260810,occlusion,0.25,1,0,0,0.0,0.0,0,0.0
brief3_primary_occlusion-025_seed_20260810,20260810,occlusion,0.25,2,3,4,0.0033003300330033004,0.04395604395604396,980,0.98
brief3_primary_occlusion-025_seed_20260810,20260810,occlusion,0.25,3,1,2,0.001098901098901099,0.022222222222222223,989,0.989
brief3_primary_occlusion-025_seed_20260810,20260810,occlusion,0.25,4,0,0,0.0,0.0,991,0.991
brief3_primary_occlusion-025_seed_20260810,20260810,occlusion,0.25,5,0,1,0.0,0.011235955056179777,991,0.991
brief3_primary_occlusion-025_seed_20260810,20260810,occlusion,0.25,6,0,0,0.0,0.0,997,0.997
brief3_primary_occlusion-025_seed_20260810,20260810,occlusion,0.25,7,0,0,0.0,0.0,998,0.998
brief3_primary_occlusion-025_seed_20260810,20260810,occlusion,0.25,8,0,1,0.0,0.011363636363636364,999,0.999
brief3_primary_occlusion-025_seed_20260810,20260810,occlusion,0.25,9,0,0,0.0,0.0,998,0.998
brief3_primary_occlusion-025_seed_20260810,20260810,occlusion,0.25,10,0,0,0.0,0.0,1000,1.0
brief3_primary_occlusion-025_seed_20260810,20260810,occlusion,0.25,11,0,1,0.0,0.011494252873563218,999,0.999
brief3_primary_occlusion-025_seed_20260810,20260810,occlusion,0.25,12,0,0,0.0,0.0,1000,1.0
brief3_primary_occlusion-025_seed_20260810,20260810,occlusion,0.25,13,1,0,0.0010940919037199124,0.0,999,0.999
brief3_primary_occlusion-025_seed_20260810,20260810,occlusion,0.25,14,0,0,0.0,0.0,998,0.998
brief3_primary_occlusion-025_seed_20260810,20260810,occlusion,0.25,15,0,0,0.0,0.0,999,0.999
brief3_primary_occlusion-025_seed_20260810,20260810,occlusion,0.25,16,0,0,0.0,0.0,999,0.999
brief3_primary_occlusion-025_seed_20260810,20260810,occlusion,0.25,17,1,0,0.001095290251916758,0.0,998,0.998
brief3_primary_occlusion-025_seed_20260810,20260810,occlusion,0.25,18,0,0,0.0,0.0,999,0.999
brief3_primary_occlusion-025_seed_20260810,20260810,occlusion,0.25,19,0,0,0.0,0.0,997,0.997
brief3_primary_occlusion-025_seed_20260810,20260810,occlusion,0.25,20,0,0,0.0,0.0,990,0.99
brief3_primary_occlusion-025_seed_20260810,20260810,occlusion,0.25,21,0,0,0.0,0.0,985,0.985
brief3_primary_occlusion-025_seed_20260810,20260810,occlusion,0.25,22,0,0,0.0,0.0,977,0.977
brief3_primary_occlusion-025_seed_20260810,20260810,occlusion,0.25,23,0,0,0.0,0.0,966,0.966
brief3_primary_occlusion-025_seed_20260810,20260810,occlusion,0.25,24,0,0,0.0,0.0,955,0.955
brief3_primary_occlusion-025_seed_20260810,20260810,occlusion,0.25,25,0,0,0.0,0.0,938,0.938
brief3_primary_occlusion-025_seed_20260810,20260810,occlusion,0.25,26,0,0,0.0,0.0,920,0.92
brief3_primary_occlusion-025_seed_20260810,20260810,occlusion,0.25,27,0,0,0.0,0.0,913,0.913
brief3_primary_occlusion-025_seed_20260810,20260810,occlusion,0.25,28,0,0,0.0,0.0,894,0.894
brief3_primary_occlusion-025_seed_20260810,20260810,occlusion,0.25,29,0,0,0.0,0.0,881,0.881
brief3_primary_occlusion-025_seed_20260810,20260810,occlusion,0.25,30,0,0,0.0,0.0,871,0.871
brief3_primary_occlusion-025_seed_20260810,20260810,occlusion,0.25,31,0,1,0.0,0.011363636363636364,860,0.86
brief3_primary_occlusion-025_seed_20260810,20260810,occlusion,0.25,32,0,0,0.0,0.0,847,0.847
brief3_primary_occlusion-040_seed_20260810,20260810,occlusion,0.4,1,0,0,0.0,0.0,0,0.0
brief3_primary_occlusion-040_seed_20260810,20260810,occlusion,0.4,2,4,12,0.004514672686230248,0.10526315789473684,777,0.777
brief3_primary_occlusion-040_seed_20260810,20260810,occlusion,0.4,3,6,7,0.006711409395973154,0.0660377358490566,842,0.842
brief3_primary_occlusion-040_seed_20260810,20260810,occlusion,0.4,4,2,5,0.0022346368715083797,0.047619047619047616,846,0.846
brief3_primary_occlusion-040_seed_20260810,20260810,occlusion,0.4,5,2,2,0.0022271714922048997,0.0196078431372549,847,0.847
brief3_primary_occlusion-040_seed_20260810,20260810,occlusion,0.4,6,1,4,0.0011135857461024498,0.0392156862745098,880,0.88
brief3_primary_occlusion-040_seed_20260810,20260810,occlusion,0.4,7,3,9,0.003329633740288568,0.09090909090909093,891,0.891
brief3_primary_occlusion-040_seed_20260810,20260810,occlusion,0.4,8,2,1,0.002205071664829107,0.010752688172043012,897,0.897
brief3_primary_occlusion-040_seed_20260810,20260810,occlusion,0.4,9,0,0,0.0,0.0,900,0.9
brief3_primary_occlusion-040_seed_20260810,20260810,occlusion,0.4,10,0,1,0.0,0.010638297872340424,904,0.904
brief3_primary_occlusion-040_seed_20260810,20260810,occlusion,0.4,11,0,0,0.0,0.0,904,0.904
brief3_primary_occlusion-040_seed_20260810,20260810,occlusion,0.4,12,0,0,0.0,0.0,919,0.919
brief3_primary_occlusion-040_seed_20260810,20260810,occlusion,0.4,13,0,0,0.0,0.0,927,0.927
brief3_primary_occlusion-040_seed_20260810,20260810,occlusion,0.4,14,0,0,0.0,0.0,932,0.932
brief3_primary_occlusion-040_seed_20260810,20260810,occlusion,0.4,15,1,0,0.0011025358324145535,0.0,934,0.934
brief3_primary_occlusion-040_seed_20260810,20260810,occlusion,0.4,16,0,0,0.0,0.0,938,0.938
brief3_primary_occlusion-040_seed_20260810,20260810,occlusion,0.4,17,1,0,0.0011037527593818985,0.0,935,0.935
brief3_primary_occlusion-040_seed_20260810,20260810,occlusion,0.4,18,0,0,0.0,0.0,938,0.938
brief3_primary_occlusion-040_seed_20260810,20260810,occlusion,0.4,19,1,0,0.0011049723756906078,0.0,937,0.937
brief3_primary_occlusion-040_seed_20260810,20260810,occlusion,0.4,20,0,0,0.0,0.0,938,0.938
brief3_primary_occlusion-040_seed_20260810,20260810,occlusion,0.4,21,1,0,0.0011061946902654867,0.0,944,0.944
brief3_primary_occlusion-040_seed_20260810,20260810,occlusion,0.4,22,0,0,0.0,0.0,939,0.939
brief3_primary_occlusion-040_seed_20260810,20260810,occlusion,0.4,23,0,0,0.0,0.0,942,0.942
brief3_primary_occlusion-040_seed_20260810,20260810,occlusion,0.4,24,0,0,0.0,0.0,941,0.941
brief3_primary_occlusion-040_seed_20260810,20260810,occlusion,0.4,25,0,0,0.0,0.0,941,0.941
brief3_primary_occlusion-040_seed_20260810,20260810,occlusion,0.4,26,0,0,0.0,0.0,935,0.935
brief3_primary_occlusion-040_seed_20260810,20260810,occlusion,0.4,27,0,0,0.0,0.0,936,0.936
brief3_primary_occlusion-040_seed_20260810,20260810,occlusion,0.4,28,0,0,0.0,0.0,933,0.933
brief3_primary_occlusion-040_seed_20260810,20260810,occlusion,0.4,29,0,0,0.0,0.0,927,0.927
brief3_primary_occlusion-040_seed_20260810,20260810,occlusion,0.4,30,0,0,0.0,0.0,924,0.924
brief3_primary_occlusion-040_seed_20260810,20260810,occlusion,0.4,31,0,0,0.0,0.0,919,0.919
brief3_primary_occlusion-040_seed_20260810,20260810,occlusion,0.4,32,0,0,0.0,0.0,914,0.914
brief3_primary_occlusion-055_seed_20260810,20260810,occlusion,0.55,1,0,0,0.0,0.0,0,0.0
brief3_primary_occlusion-055_seed_20260810,20260810,occlusion,0.55,2,1,1,0.001141552511415525,0.008064516129032258,404,0.404
brief3_primary_occlusion-055_seed_20260810,20260810,occlusion,0.55,3,0,0,0.0,0.0,425,0.425
brief3_primary_occlusion-055_seed_20260810,20260810,occlusion,0.55,4,7,13,0.007990867579908675,0.10483870967741936,431,0.431
brief3_primary_occlusion-055_seed_20260810,20260810,occlusion,0.55,5,9,9,0.01020408163265306,0.07627118644067797,433,0.433
brief3_primary_occlusion-055_seed_20260810,20260810,occlusion,0.55,6,6,8,0.006802721088435374,0.06779661016949153,437,0.437
brief3_primary_occlusion-055_seed_20260810,20260810,occlusion,0.55,7,8,9,0.00904977375565611,0.07758620689655173,442,0.442
brief3_primary_occlusion-055_seed_20260810,20260810,occlusion,0.55,8,2,9,0.0022598870056497176,0.0782608695652174,450,0.45
brief3_primary_occlusion-055_seed_20260810,20260810,occlusion,0.55,9,1,1,0.0011210762331838565,0.00925925925925926,452,0.452
brief3_primary_occlusion-055_seed_20260810,20260810,occlusion,0.55,10,0,1,0.0,0.00925925925925926,456,0.456
brief3_primary_occlusion-055_seed_20260810,20260810,occlusion,0.55,11,0,0,0.0,0.0,467,0.467
brief3_primary_occlusion-055_seed_20260810,20260810,occlusion,0.55,12,0,0,0.0,0.0,504,0.504
brief3_primary_occlusion-055_seed_20260810,20260810,occlusion,0.55,13,0,0,0.0,0.0,516,0.516
brief3_primary_occlusion-055_seed_20260810,20260810,occlusion,0.55,14,0,0,0.0,0.0,537,0.537
brief3_primary_occlusion-055_seed_20260810,20260810,occlusion,0.55,15,0,0,0.0,0.0,545,0.545
brief3_primary_occlusion-055_seed_20260810,20260810,occlusion,0.55,16,0,0,0.0,0.0,550,0.55
brief3_primary_occlusion-055_seed_20260810,20260810,occlusion,0.55,17,0,0,0.0,0.0,554,0.554
brief3_primary_occlusion-055_seed_20260810,20260810,occlusion,0.55,18,1,0,0.0011198208286674132,0.0,551,0.551
brief3_primary_occlusion-055_seed_20260810,20260810,occlusion,0.55,19,0,0,0.0,0.0,565,0.565
brief3_primary_occlusion-055_seed_20260810,20260810,occlusion,0.55,20,1,0,0.0011210762331838565,0.0,586,0.586
brief3_primary_occlusion-055_seed_20260810,20260810,occlusion,0.55,21,0,0,0.0,0.0,587,0.587
brief3_primary_occlusion-055_seed_20260810,20260810,occlusion,0.55,22,0,0,0.0,0.0,604,0.604
brief3_primary_occlusion-055_seed_20260810,20260810,occlusion,0.55,23,0,0,0.0,0.0,616,0.616
brief3_primary_occlusion-055_seed_20260810,20260810,occlusion,0.55,24,1,0,0.001122334455667789,0.0,616,0.616
brief3_primary_occlusion-055_seed_20260810,20260810,occlusion,0.55,25,0,0,0.0,0.0,631,0.631
brief3_primary_occlusion-055_seed_20260810,20260810,occlusion,0.55,26,0,0,0.0,0.0,631,0.631
brief3_primary_occlusion-055_seed_20260810,20260810,occlusion,0.55,27,1,0,0.0011235955056179776,0.0,630,0.63
brief3_primary_occlusion-055_seed_20260810,20260810,occlusion,0.55,28,0,1,0.0,0.009009009009009007,627,0.627
brief3_primary_occlusion-055_seed_20260810,20260810,occlusion,0.55,29,1,0,0.0011235955056179776,0.0,639,0.639
brief3_primary_occlusion-055_seed_20260810,20260810,occlusion,0.55,30,0,0,0.0,0.0,647,0.647
brief3_primary_occlusion-055_seed_20260810,20260810,occlusion,0.55,31,0,0,0.0,0.0,650,0.65
brief3_primary_occlusion-055_seed_20260810,20260810,occlusion,0.55,32,0,0,0.0,0.0,645,0.645
brief3_primary_vertical-strip_seed_20260810,20260810,vertical_strip,0.25,1,0,0,0.0,0.0,0,0.0
brief3_primary_vertical-strip_seed_20260810,20260810,vertical_strip,0.25,2,0,1,0.0,0.010309278350515464,934,0.934
brief3_primary_vertical-strip_seed_20260810,20260810,vertical_strip,0.25,3,0,0,0.0,0.0,938,0.938
brief3_primary_vertical-strip_seed_20260810,20260810,vertical_strip,0.25,4,0,0,0.0,0.0,940,0.94
brief3_primary_vertical-strip_seed_20260810,20260810,vertical_strip,0.25,5,0,0,0.0,0.0,942,0.942
brief3_primary_vertical-strip_seed_20260810,20260810,vertical_strip,0.25,6,0,0,0.0,0.0,940,0.94
brief3_primary_vertical-strip_seed_20260810,20260810,vertical_strip,0.25,7,0,0,0.0,0.0,943,0.943
brief3_primary_vertical-strip_seed_20260810,20260810,vertical_strip,0.25,8,0,0,0.0,0.0,942,0.942
brief3_primary_vertical-strip_seed_20260810,20260810,vertical_strip,0.25,9,0,0,0.0,0.0,943,0.943
brief3_primary_vertical-strip_seed_20260810,20260810,vertical_strip,0.25,10,0,0,0.0,0.0,943,0.943
brief3_primary_vertical-strip_seed_20260810,20260810,vertical_strip,0.25,11,0,0,0.0,0.0,944,0.944
brief3_primary_vertical-strip_seed_20260810,20260810,vertical_strip,0.25,12,0,0,0.0,0.0,943,0.943
brief3_primary_vertical-strip_seed_20260810,20260810,vertical_strip,0.25,13,0,0,0.0,0.0,943,0.943
brief3_primary_vertical-strip_seed_20260810,20260810,vertical_strip,0.25,14,0,0,0.0,0.0,943,0.943
brief3_primary_vertical-strip_seed_20260810,20260810,vertical_strip,0.25,15,0,0,0.0,0.0,945,0.945
brief3_primary_vertical-strip_seed_20260810,20260810,vertical_strip,0.25,16,0,0,0.0,0.0,943,0.943
brief3_primary_vertical-strip_seed_20260810,20260810,vertical_strip,0.25,17,0,0,0.0,0.0,943,0.943
brief3_primary_vertical-strip_seed_20260810,20260810,vertical_strip,0.25,18,0,0,0.0,0.0,944,0.944
brief3_primary_vertical-strip_seed_20260810,20260810,vertical_strip,0.25,19,0,0,0.0,0.0,945,0.945
brief3_primary_vertical-strip_seed_20260810,20260810,vertical_strip,0.25,20,0,0,0.0,0.0,942,0.942
brief3_primary_vertical-strip_seed_20260810,20260810,vertical_strip,0.25,21,0,0,0.0,0.0,939,0.939
brief3_primary_vertical-strip_seed_20260810,20260810,vertical_strip,0.25,22,0,0,0.0,0.0,937,0.937
brief3_primary_vertical-strip_seed_20260810,20260810,vertical_strip,0.25,23,0,0,0.0,0.0,931,0.931
brief3_primary_vertical-strip_seed_20260810,20260810,vertical_strip,0.25,24,0,0,0.0,0.0,919,0.919
brief3_primary_vertical-strip_seed_20260810,20260810,vertical_strip,0.25,25,0,0,0.0,0.0,911,0.911
brief3_primary_vertical-strip_seed_20260810,20260810,vertical_strip,0.25,26,0,0,0.0,0.0,905,0.905
brief3_primary_vertical-strip_seed_20260810,20260810,vertical_strip,0.25,27,0,0,0.0,0.0,895,0.895
brief3_primary_vertical-strip_seed_20260810,20260810,vertical_strip,0.25,28,0,0,0.0,0.0,883,0.883
brief3_primary_vertical-strip_seed_20260810,20260810,vertical_strip,0.25,29,0,0,0.0,0.0,872,0.872
brief3_primary_vertical-strip_seed_20260810,20260810,vertical_strip,0.25,30,0,0,0.0,0.0,859,0.859
brief3_primary_vertical-strip_seed_20260810,20260810,vertical_strip,0.25,31,0,0,0.0,0.0,852,0.852
brief3_primary_vertical-strip_seed_20260810,20260810,vertical_strip,0.25,32,0,0,0.0,0.0,845,0.845
brief3_primary_horizontal-strip_seed_20260810,20260810,horizontal_strip,0.25,1,0,0,0.0,0.0,0,0.0
brief3_primary_horizontal-strip_seed_20260810,20260810,horizontal_strip,0.25,2,0,0,0.0,0.0,993,0.993
brief3_primary_horizontal-strip_seed_20260810,20260810,horizontal_strip,0.25,3,0,0,0.0,0.0,998,0.998
brief3_primary_horizontal-strip_seed_20260810,20260810,horizontal_strip,0.25,4,0,1,0.0,0.008928571428571428,996,0.996
brief3_primary_horizontal-strip_seed_20260810,20260810,horizontal_strip,0.25,5,0,0,0.0,0.0,998,0.998
brief3_primary_horizontal-strip_seed_20260810,20260810,horizontal_strip,0.25,6,0,0,0.0,0.0,1000,1.0
brief3_primary_horizontal-strip_seed_20260810,20260810,horizontal_strip,0.25,7,0,0,0.0,0.0,1000,1.0
brief3_primary_horizontal-strip_seed_20260810,20260810,horizontal_strip,0.25,8,0,0,0.0,0.0,1000,1.0
brief3_primary_horizontal-strip_seed_20260810,20260810,horizontal_strip,0.25,9,0,0,0.0,0.0,1000,1.0
brief3_primary_horizontal-strip_seed_20260810,20260810,horizontal_strip,0.25,10,0,0,0.0,0.0,1000,1.0
brief3_primary_horizontal-strip_seed_20260810,20260810,horizontal_strip,0.25,11,0,0,0.0,0.0,999,0.999
brief3_primary_horizontal-strip_seed_20260810,20260810,horizontal_strip,0.25,12,0,0,0.0,0.0,1000,1.0
brief3_primary_horizontal-strip_seed_20260810,20260810,horizontal_strip,0.25,13,0,0,0.0,0.0,1000,1.0
brief3_primary_horizontal-strip_seed_20260810,20260810,horizontal_strip,0.25,14,0,0,0.0,0.0,1000,1.0
brief3_primary_horizontal-strip_seed_20260810,20260810,horizontal_strip,0.25,15,0,0,0.0,0.0,1000,1.0
brief3_primary_horizontal-strip_seed_20260810,20260810,horizontal_strip,0.25,16,0,0,0.0,0.0,1000,1.0
brief3_primary_horizontal-strip_seed_20260810,20260810,horizontal_strip,0.25,17,0,0,0.0,0.0,1000,1.0
brief3_primary_horizontal-strip_seed_20260810,20260810,horizontal_strip,0.25,18,0,0,0.0,0.0,1000,1.0
brief3_primary_horizontal-strip_seed_20260810,20260810,horizontal_strip,0.25,19,0,0,0.0,0.0,1000,1.0
brief3_primary_horizontal-strip_seed_20260810,20260810,horizontal_strip,0.25,20,0,0,0.0,0.0,1000,1.0
brief3_primary_horizontal-strip_seed_20260810,20260810,horizontal_strip,0.25,21,0,0,0.0,0.0,1000,1.0
brief3_primary_horizontal-strip_seed_20260810,20260810,horizontal_strip,0.25,22,0,0,0.0,0.0,999,0.999
brief3_primary_horizontal-strip_seed_20260810,20260810,horizontal_strip,0.25,23,0,0,0.0,0.0,1000,1.0
brief3_primary_horizontal-strip_seed_20260810,20260810,horizontal_strip,0.25,24,0,0,0.0,0.0,999,0.999
brief3_primary_horizontal-strip_seed_20260810,20260810,horizontal_strip,0.25,25,0,0,0.0,0.0,999,0.999
brief3_primary_horizontal-strip_seed_20260810,20260810,horizontal_strip,0.25,26,0,0,0.0,0.0,998,0.998
brief3_primary_horizontal-strip_seed_20260810,20260810,horizontal_strip,0.25,27,0,0,0.0,0.0,995,0.995
brief3_primary_horizontal-strip_seed_20260810,20260810,horizontal_strip,0.25,28,0,0,0.0,0.0,994,0.994
brief3_primary_horizontal-strip_seed_20260810,20260810,horizontal_strip,0.25,29,0,0,0.0,0.0,993,0.993
brief3_primary_horizontal-strip_seed_20260810,20260810,horizontal_strip,0.25,30,0,0,0.0,0.0,993,0.993
brief3_primary_horizontal-strip_seed_20260810,20260810,horizontal_strip,0.25,31,0,0,0.0,0.0,990,0.99
brief3_primary_horizontal-strip_seed_20260810,20260810,horizontal_strip,0.25,32,0,0,0.0,0.0,986,0.986
brief3_primary_central-block_seed_20260810,20260810,central_block,0.25,1,0,0,0.0,0.0,0,0.0
brief3_primary_central-block_seed_20260810,20260810,central_block,0.25,2,1,3,0.0011123470522803114,0.0297029702970297,938,0.938
brief3_primary_central-block_seed_20260810,20260810,central_block,0.25,3,0,0,0.0,0.0,953,0.953
brief3_primary_central-block_seed_20260810,20260810,central_block,0.25,4,9,13,0.009988901220865706,0.13131313131313133,956,0.956
brief3_primary_central-block_seed_20260810,20260810,central_block,0.25,5,0,1,0.0,0.010526315789473684,957,0.957
brief3_primary_central-block_seed_20260810,20260810,central_block,0.25,6,0,0,0.0,0.0,962,0.962
brief3_primary_central-block_seed_20260810,20260810,central_block,0.25,7,0,0,0.0,0.0,966,0.966
brief3_primary_central-block_seed_20260810,20260810,central_block,0.25,8,0,0,0.0,0.0,967,0.967
brief3_primary_central-block_seed_20260810,20260810,central_block,0.25,9,1,0,0.0011037527593818985,0.0,968,0.968
brief3_primary_central-block_seed_20260810,20260810,central_block,0.25,10,0,1,0.0,0.010526315789473684,972,0.972
brief3_primary_central-block_seed_20260810,20260810,central_block,0.25,11,0,0,0.0,0.0,975,0.975
brief3_primary_central-block_seed_20260810,20260810,central_block,0.25,12,0,0,0.0,0.0,978,0.978
brief3_primary_central-block_seed_20260810,20260810,central_block,0.25,13,0,0,0.0,0.0,984,0.984
brief3_primary_central-block_seed_20260810,20260810,central_block,0.25,14,0,0,0.0,0.0,991,0.991
brief3_primary_central-block_seed_20260810,20260810,central_block,0.25,15,0,0,0.0,0.0,993,0.993
brief3_primary_central-block_seed_20260810,20260810,central_block,0.25,16,0,0,0.0,0.0,998,0.998
brief3_primary_central-block_seed_20260810,20260810,central_block,0.25,17,0,0,0.0,0.0,1000,1.0
brief3_primary_central-block_seed_20260810,20260810,central_block,0.25,18,1,1,0.0011037527593818985,0.010638297872340424,997,0.997
brief3_primary_central-block_seed_20260810,20260810,central_block,0.25,19,0,0,0.0,0.0,998,0.998
brief3_primary_central-block_seed_20260810,20260810,central_block,0.25,20,0,0,0.0,0.0,999,0.999
brief3_primary_central-block_seed_20260810,20260810,central_block,0.25,21,0,0,0.0,0.0,994,0.994
brief3_primary_central-block_seed_20260810,20260810,central_block,0.25,22,0,0,0.0,0.0,996,0.996
brief3_primary_central-block_seed_20260810,20260810,central_block,0.25,23,0,0,0.0,0.0,995,0.995
brief3_primary_central-block_seed_20260810,20260810,central_block,0.25,24,0,0,0.0,0.0,996,0.996
brief3_primary_central-block_seed_20260810,20260810,central_block,0.25,25,0,2,0.0,0.02127659574468085,990,0.99
brief3_primary_central-block_seed_20260810,20260810,central_block,0.25,26,0,0,0.0,0.0,991,0.991
brief3_primary_central-block_seed_20260810,20260810,central_block,0.25,27,0,0,0.0,0.0,986,0.986
brief3_primary_central-block_seed_20260810,20260810,central_block,0.25,28,0,0,0.0,0.0,981,0.981
brief3_primary_central-block_seed_20260810,20260810,central_block,0.25,29,0,0,0.0,0.0,973,0.973
brief3_primary_central-block_seed_20260810,20260810,central_block,0.25,30,0,0,0.0,0.0,969,0.969
brief3_primary_central-block_seed_20260810,20260810,central_block,0.25,31,0,0,0.0,0.0,961,0.961
brief3_primary_central-block_seed_20260810,20260810,central_block,0.25,32,0,0,0.0,0.0,952,0.952
brief3_primary_random-patches_seed_20260810,20260810,random_patches,0.25,1,0,0,0.0,0.0,0,0.0
brief3_primary_random-patches_seed_20260810,20260810,random_patches,0.25,2,0,0,0.0,0.0,997,0.997
brief3_primary_random-patches_seed_20260810,20260810,random_patches,0.25,3,0,0,0.0,0.0,1000,1.0
brief3_primary_random-patches_seed_20260810,20260810,random_patches,0.25,4,0,0,0.0,0.0,999,0.999
brief3_primary_random-patches_seed_20260810,20260810,random_patches,0.25,5,0,0,0.0,0.0,1000,1.0
brief3_primary_random-patches_seed_20260810,20260810,random_patches,0.25,6,0,0,0.0,0.0,1000,1.0
brief3_primary_random-patches_seed_20260810,20260810,random_patches,0.25,7,0,0,0.0,0.0,999,0.999
brief3_primary_random-patches_seed_20260810,20260810,random_patches,0.25,8,1,0,0.0010857763300760044,0.0,999,0.999
brief3_primary_random-patches_seed_20260810,20260810,random_patches,0.25,9,0,0,0.0,0.0,999,0.999
brief3_primary_random-patches_seed_20260810,20260810,random_patches,0.25,10,0,0,0.0,0.0,999,0.999
brief3_primary_random-patches_seed_20260810,20260810,random_patches,0.25,11,0,0,0.0,0.0,999,0.999
brief3_primary_random-patches_seed_20260810,20260810,random_patches,0.25,12,0,0,0.0,0.0,998,0.998
brief3_primary_random-patches_seed_20260810,20260810,random_patches,0.25,13,0,0,0.0,0.0,999,0.999
brief3_primary_random-patches_seed_20260810,20260810,random_patches,0.25,14,0,0,0.0,0.0,999,0.999
brief3_primary_random-patches_seed_20260810,20260810,random_patches,0.25,15,0,0,0.0,0.0,1000,1.0
brief3_primary_random-patches_seed_20260810,20260810,random_patches,0.25,16,0,0,0.0,0.0,1000,1.0
brief3_primary_random-patches_seed_20260810,20260810,random_patches,0.25,17,0,0,0.0,0.0,1000,1.0
brief3_primary_random-patches_seed_20260810,20260810,random_patches,0.25,18,0,0,0.0,0.0,997,0.997
brief3_primary_random-patches_seed_20260810,20260810,random_patches,0.25,19,0,0,0.0,0.0,994,0.994
brief3_primary_random-patches_seed_20260810,20260810,random_patches,0.25,20,0,0,0.0,0.0,990,0.99
brief3_primary_random-patches_seed_20260810,20260810,random_patches,0.25,21,0,0,0.0,0.0,981,0.981
brief3_primary_random-patches_seed_20260810,20260810,random_patches,0.25,22,0,0,0.0,0.0,971,0.971
brief3_primary_random-patches_seed_20260810,20260810,random_patches,0.25,23,0,0,0.0,0.0,962,0.962
brief3_primary_random-patches_seed_20260810,20260810,random_patches,0.25,24,0,0,0.0,0.0,954,0.954
brief3_primary_random-patches_seed_20260810,20260810,random_patches,0.25,25,0,0,0.0,0.0,931,0.931
brief3_primary_random-patches_seed_20260810,20260810,random_patches,0.25,26,0,0,0.0,0.0,917,0.917
brief3_primary_random-patches_seed_20260810,20260810,random_patches,0.25,27,0,0,0.0,0.0,898,0.898
brief3_primary_random-patches_seed_20260810,20260810,random_patches,0.25,28,0,0,0.0,0.0,885,0.885
brief3_primary_random-patches_seed_20260810,20260810,random_patches,0.25,29,0,0,0.0,0.0,876,0.876
brief3_primary_random-patches_seed_20260810,20260810,random_patches,0.25,30,0,1,0.0,0.0125,853,0.853
brief3_primary_random-patches_seed_20260810,20260810,random_patches,0.25,31,0,0,0.0,0.0,842,0.842
brief3_primary_random-patches_seed_20260810,20260810,random_patches,0.25,32,0,0,0.0,0.0,828,0.828
brief3_primary_clean_seed_20260811,20260811,clean,0.0,1,0,0,0.0,0.0,0,0.0
brief3_primary_clean_seed_20260811,20260811,clean,0.0,2,1,0,0.001072961373390558,0.0,996,0.996
brief3_primary_clean_seed_20260811,20260811,clean,0.0,3,2,0,0.0021482277121374865,0.0,998,0.998
brief3_primary_clean_seed_20260811,20260811,clean,0.0,4,1,0,0.001076426264800861,0.0,998,0.998
brief3_primary_clean_seed_20260811,20260811,clean,0.0,5,0,1,0.0,0.013888888888888888,999,0.999
brief3_primary_clean_seed_20260811,20260811,clean,0.0,6,0,0,0.0,0.0,998,0.998
brief3_primary_clean_seed_20260811,20260811,clean,0.0,7,0,0,0.0,0.0,1000,1.0
brief3_primary_clean_seed_20260811,20260811,clean,0.0,8,0,0,0.0,0.0,996,0.996
brief3_primary_clean_seed_20260811,20260811,clean,0.0,9,0,0,0.0,0.0,997,0.997
brief3_primary_clean_seed_20260811,20260811,clean,0.0,10,0,0,0.0,0.0,998,0.998
brief3_primary_clean_seed_20260811,20260811,clean,0.0,11,0,0,0.0,0.0,999,0.999
brief3_primary_clean_seed_20260811,20260811,clean,0.0,12,0,0,0.0,0.0,999,0.999
brief3_primary_clean_seed_20260811,20260811,clean,0.0,13,0,0,0.0,0.0,999,0.999
brief3_primary_clean_seed_20260811,20260811,clean,0.0,14,0,0,0.0,0.0,996,0.996
brief3_primary_clean_seed_20260811,20260811,clean,0.0,15,0,0,0.0,0.0,997,0.997
brief3_primary_clean_seed_20260811,20260811,clean,0.0,16,0,0,0.0,0.0,996,0.996
brief3_primary_clean_seed_20260811,20260811,clean,0.0,17,0,0,0.0,0.0,997,0.997
brief3_primary_clean_seed_20260811,20260811,clean,0.0,18,0,0,0.0,0.0,996,0.996
brief3_primary_clean_seed_20260811,20260811,clean,0.0,19,0,0,0.0,0.0,993,0.993
brief3_primary_clean_seed_20260811,20260811,clean,0.0,20,0,0,0.0,0.0,985,0.985
brief3_primary_clean_seed_20260811,20260811,clean,0.0,21,1,0,0.001076426264800861,0.0,977,0.977
brief3_primary_clean_seed_20260811,20260811,clean,0.0,22,0,0,0.0,0.0,967,0.967
brief3_primary_clean_seed_20260811,20260811,clean,0.0,23,0,0,0.0,0.0,956,0.956
brief3_primary_clean_seed_20260811,20260811,clean,0.0,24,0,0,0.0,0.0,947,0.947
brief3_primary_clean_seed_20260811,20260811,clean,0.0,25,0,0,0.0,0.0,933,0.933
brief3_primary_clean_seed_20260811,20260811,clean,0.0,26,0,0,0.0,0.0,924,0.924
brief3_primary_clean_seed_20260811,20260811,clean,0.0,27,0,0,0.0,0.0,908,0.908
brief3_primary_clean_seed_20260811,20260811,clean,0.0,28,0,0,0.0,0.0,890,0.89
brief3_primary_clean_seed_20260811,20260811,clean,0.0,29,0,0,0.0,0.0,871,0.871
brief3_primary_clean_seed_20260811,20260811,clean,0.0,30,0,0,0.0,0.0,848,0.848
brief3_primary_clean_seed_20260811,20260811,clean,0.0,31,0,0,0.0,0.0,833,0.833
brief3_primary_clean_seed_20260811,20260811,clean,0.0,32,0,0,0.0,0.0,817,0.817
brief3_primary_gaussian-010_seed_20260811,20260811,gaussian,0.1,1,0,0,0.0,0.0,0,0.0
brief3_primary_gaussian-010_seed_20260811,20260811,gaussian,0.1,2,0,0,0.0,0.0,1000,1.0
brief3_primary_gaussian-010_seed_20260811,20260811,gaussian,0.1,3,0,0,0.0,0.0,998,0.998
brief3_primary_gaussian-010_seed_20260811,20260811,gaussian,0.1,4,0,0,0.0,0.0,1000,1.0
brief3_primary_gaussian-010_seed_20260811,20260811,gaussian,0.1,5,0,0,0.0,0.0,999,0.999
brief3_primary_gaussian-010_seed_20260811,20260811,gaussian,0.1,6,0,0,0.0,0.0,999,0.999
brief3_primary_gaussian-010_seed_20260811,20260811,gaussian,0.1,7,0,1,0.0,0.014285714285714284,999,0.999
brief3_primary_gaussian-010_seed_20260811,20260811,gaussian,0.1,8,0,0,0.0,0.0,999,0.999
brief3_primary_gaussian-010_seed_20260811,20260811,gaussian,0.1,9,0,0,0.0,0.0,998,0.998
brief3_primary_gaussian-010_seed_20260811,20260811,gaussian,0.1,10,1,0,0.0010741138560687433,0.0,998,0.998
brief3_primary_gaussian-010_seed_20260811,20260811,gaussian,0.1,11,0,0,0.0,0.0,999,0.999
brief3_primary_gaussian-010_seed_20260811,20260811,gaussian,0.1,12,0,0,0.0,0.0,1000,1.0
brief3_primary_gaussian-010_seed_20260811,20260811,gaussian,0.1,13,0,0,0.0,0.0,999,0.999
brief3_primary_gaussian-010_seed_20260811,20260811,gaussian,0.1,14,0,0,0.0,0.0,999,0.999
brief3_primary_gaussian-010_seed_20260811,20260811,gaussian,0.1,15,0,0,0.0,0.0,999,0.999
brief3_primary_gaussian-010_seed_20260811,20260811,gaussian,0.1,16,0,0,0.0,0.0,999,0.999
brief3_primary_gaussian-010_seed_20260811,20260811,gaussian,0.1,17,0,0,0.0,0.0,998,0.998
brief3_primary_gaussian-010_seed_20260811,20260811,gaussian,0.1,18,0,0,0.0,0.0,997,0.997
brief3_primary_gaussian-010_seed_20260811,20260811,gaussian,0.1,19,0,0,0.0,0.0,996,0.996
brief3_primary_gaussian-010_seed_20260811,20260811,gaussian,0.1,20,0,0,0.0,0.0,993,0.993
brief3_primary_gaussian-010_seed_20260811,20260811,gaussian,0.1,21,0,1,0.0,0.014285714285714284,985,0.985
brief3_primary_gaussian-010_seed_20260811,20260811,gaussian,0.1,22,0,0,0.0,0.0,976,0.976
brief3_primary_gaussian-010_seed_20260811,20260811,gaussian,0.1,23,0,0,0.0,0.0,965,0.965
brief3_primary_gaussian-010_seed_20260811,20260811,gaussian,0.1,24,0,0,0.0,0.0,958,0.958
brief3_primary_gaussian-010_seed_20260811,20260811,gaussian,0.1,25,0,0,0.0,0.0,947,0.947
brief3_primary_gaussian-010_seed_20260811,20260811,gaussian,0.1,26,0,0,0.0,0.0,934,0.934
brief3_primary_gaussian-010_seed_20260811,20260811,gaussian,0.1,27,0,0,0.0,0.0,920,0.92
brief3_primary_gaussian-010_seed_20260811,20260811,gaussian,0.1,28,0,0,0.0,0.0,906,0.906
brief3_primary_gaussian-010_seed_20260811,20260811,gaussian,0.1,29,0,0,0.0,0.0,890,0.89
brief3_primary_gaussian-010_seed_20260811,20260811,gaussian,0.1,30,0,0,0.0,0.0,876,0.876
brief3_primary_gaussian-010_seed_20260811,20260811,gaussian,0.1,31,0,0,0.0,0.0,858,0.858
brief3_primary_gaussian-010_seed_20260811,20260811,gaussian,0.1,32,0,0,0.0,0.0,847,0.847
brief3_primary_gaussian-020_seed_20260811,20260811,gaussian,0.2,1,0,0,0.0,0.0,0,0.0
brief3_primary_gaussian-020_seed_20260811,20260811,gaussian,0.2,2,0,1,0.0,0.014925373134328358,999,0.999
brief3_primary_gaussian-020_seed_20260811,20260811,gaussian,0.2,3,1,0,0.0010706638115631692,0.0,998,0.998
brief3_primary_gaussian-020_seed_20260811,20260811,gaussian,0.2,4,0,0,0.0,0.0,1000,1.0
brief3_primary_gaussian-020_seed_20260811,20260811,gaussian,0.2,5,0,0,0.0,0.0,1000,1.0
brief3_primary_gaussian-020_seed_20260811,20260811,gaussian,0.2,6,0,0,0.0,0.0,998,0.998
brief3_primary_gaussian-020_seed_20260811,20260811,gaussian,0.2,7,1,1,0.0010718113612004287,0.014925373134328358,998,0.998
brief3_primary_gaussian-020_seed_20260811,20260811,gaussian,0.2,8,0,0,0.0,0.0,999,0.999
brief3_primary_gaussian-020_seed_20260811,20260811,gaussian,0.2,9,0,0,0.0,0.0,999,0.999
brief3_primary_gaussian-020_seed_20260811,20260811,gaussian,0.2,10,0,0,0.0,0.0,1000,1.0
brief3_primary_gaussian-020_seed_20260811,20260811,gaussian,0.2,11,0,0,0.0,0.0,998,0.998
brief3_primary_gaussian-020_seed_20260811,20260811,gaussian,0.2,12,0,0,0.0,0.0,998,0.998
brief3_primary_gaussian-020_seed_20260811,20260811,gaussian,0.2,13,0,0,0.0,0.0,997,0.997
brief3_primary_gaussian-020_seed_20260811,20260811,gaussian,0.2,14,0,0,0.0,0.0,999,0.999
brief3_primary_gaussian-020_seed_20260811,20260811,gaussian,0.2,15,0,0,0.0,0.0,998,0.998
brief3_primary_gaussian-020_seed_20260811,20260811,gaussian,0.2,16,0,0,0.0,0.0,997,0.997
brief3_primary_gaussian-020_seed_20260811,20260811,gaussian,0.2,17,0,0,0.0,0.0,997,0.997
brief3_primary_gaussian-020_seed_20260811,20260811,gaussian,0.2,18,0,0,0.0,0.0,996,0.996
brief3_primary_gaussian-020_seed_20260811,20260811,gaussian,0.2,19,0,0,0.0,0.0,995,0.995
brief3_primary_gaussian-020_seed_20260811,20260811,gaussian,0.2,20,0,0,0.0,0.0,993,0.993
brief3_primary_gaussian-020_seed_20260811,20260811,gaussian,0.2,21,0,0,0.0,0.0,990,0.99
brief3_primary_gaussian-020_seed_20260811,20260811,gaussian,0.2,22,0,0,0.0,0.0,984,0.984
brief3_primary_gaussian-020_seed_20260811,20260811,gaussian,0.2,23,0,0,0.0,0.0,974,0.974
brief3_primary_gaussian-020_seed_20260811,20260811,gaussian,0.2,24,0,0,0.0,0.0,968,0.968
brief3_primary_gaussian-020_seed_20260811,20260811,gaussian,0.2,25,0,0,0.0,0.0,959,0.959
brief3_primary_gaussian-020_seed_20260811,20260811,gaussian,0.2,26,0,0,0.0,0.0,950,0.95
brief3_primary_gaussian-020_seed_20260811,20260811,gaussian,0.2,27,0,0,0.0,0.0,936,0.936
brief3_primary_gaussian-020_seed_20260811,20260811,gaussian,0.2,28,0,1,0.0,0.014925373134328358,920,0.92
brief3_primary_gaussian-020_seed_20260811,20260811,gaussian,0.2,29,0,0,0.0,0.0,911,0.911
brief3_primary_gaussian-020_seed_20260811,20260811,gaussian,0.2,30,0,0,0.0,0.0,897,0.897
brief3_primary_gaussian-020_seed_20260811,20260811,gaussian,0.2,31,0,0,0.0,0.0,885,0.885
brief3_primary_gaussian-020_seed_20260811,20260811,gaussian,0.2,32,0,0,0.0,0.0,874,0.874
brief3_primary_gaussian-030_seed_20260811,20260811,gaussian,0.3,1,0,0,0.0,0.0,0,0.0
brief3_primary_gaussian-030_seed_20260811,20260811,gaussian,0.3,2,0,0,0.0,0.0,999,0.999
brief3_primary_gaussian-030_seed_20260811,20260811,gaussian,0.3,3,1,0,0.001072961373390558,0.0,999,0.999
brief3_primary_gaussian-030_seed_20260811,20260811,gaussian,0.3,4,0,0,0.0,0.0,999,0.999
brief3_primary_gaussian-030_seed_20260811,20260811,gaussian,0.3,5,0,0,0.0,0.0,1000,1.0
brief3_primary_gaussian-030_seed_20260811,20260811,gaussian,0.3,6,0,0,0.0,0.0,1000,1.0
brief3_primary_gaussian-030_seed_20260811,20260811,gaussian,0.3,7,0,0,0.0,0.0,998,0.998
brief3_primary_gaussian-030_seed_20260811,20260811,gaussian,0.3,8,0,0,0.0,0.0,1000,1.0
brief3_primary_gaussian-030_seed_20260811,20260811,gaussian,0.3,9,0,0,0.0,0.0,1000,1.0
brief3_primary_gaussian-030_seed_20260811,20260811,gaussian,0.3,10,0,0,0.0,0.0,999,0.999
brief3_primary_gaussian-030_seed_20260811,20260811,gaussian,0.3,11,0,0,0.0,0.0,1000,1.0
brief3_primary_gaussian-030_seed_20260811,20260811,gaussian,0.3,12,0,1,0.0,0.014492753623188406,999,0.999
brief3_primary_gaussian-030_seed_20260811,20260811,gaussian,0.3,13,0,0,0.0,0.0,1000,1.0
brief3_primary_gaussian-030_seed_20260811,20260811,gaussian,0.3,14,0,0,0.0,0.0,1000,1.0
brief3_primary_gaussian-030_seed_20260811,20260811,gaussian,0.3,15,0,0,0.0,0.0,1000,1.0
brief3_primary_gaussian-030_seed_20260811,20260811,gaussian,0.3,16,0,0,0.0,0.0,999,0.999
brief3_primary_gaussian-030_seed_20260811,20260811,gaussian,0.3,17,0,0,0.0,0.0,999,0.999
brief3_primary_gaussian-030_seed_20260811,20260811,gaussian,0.3,18,0,0,0.0,0.0,999,0.999
brief3_primary_gaussian-030_seed_20260811,20260811,gaussian,0.3,19,0,0,0.0,0.0,998,0.998
brief3_primary_gaussian-030_seed_20260811,20260811,gaussian,0.3,20,0,0,0.0,0.0,998,0.998
brief3_primary_gaussian-030_seed_20260811,20260811,gaussian,0.3,21,0,0,0.0,0.0,996,0.996
brief3_primary_gaussian-030_seed_20260811,20260811,gaussian,0.3,22,0,0,0.0,0.0,991,0.991
brief3_primary_gaussian-030_seed_20260811,20260811,gaussian,0.3,23,0,0,0.0,0.0,987,0.987
brief3_primary_gaussian-030_seed_20260811,20260811,gaussian,0.3,24,0,0,0.0,0.0,979,0.979
brief3_primary_gaussian-030_seed_20260811,20260811,gaussian,0.3,25,0,0,0.0,0.0,970,0.97
brief3_primary_gaussian-030_seed_20260811,20260811,gaussian,0.3,26,0,0,0.0,0.0,965,0.965
brief3_primary_gaussian-030_seed_20260811,20260811,gaussian,0.3,27,0,0,0.0,0.0,953,0.953
brief3_primary_gaussian-030_seed_20260811,20260811,gaussian,0.3,28,0,0,0.0,0.0,941,0.941
brief3_primary_gaussian-030_seed_20260811,20260811,gaussian,0.3,29,0,0,0.0,0.0,928,0.928
brief3_primary_gaussian-030_seed_20260811,20260811,gaussian,0.3,30,0,0,0.0,0.0,915,0.915
brief3_primary_gaussian-030_seed_20260811,20260811,gaussian,0.3,31,0,0,0.0,0.0,903,0.903
brief3_primary_gaussian-030_seed_20260811,20260811,gaussian,0.3,32,0,0,0.0,0.0,890,0.89
brief3_primary_gaussian-040_seed_20260811,20260811,gaussian,0.4,1,0,0,0.0,0.0,0,0.0
brief3_primary_gaussian-040_seed_20260811,20260811,gaussian,0.4,2,0,0,0.0,0.0,999,0.999
brief3_primary_gaussian-040_seed_20260811,20260811,gaussian,0.4,3,0,0,0.0,0.0,999,0.999
brief3_primary_gaussian-040_seed_20260811,20260811,gaussian,0.4,4,0,0,0.0,0.0,1000,1.0
brief3_primary_gaussian-040_seed_20260811,20260811,gaussian,0.4,5,0,1,0.0,0.015384615384615384,999,0.999
brief3_primary_gaussian-040_seed_20260811,20260811,gaussian,0.4,6,1,0,0.0010683760683760685,0.0,998,0.998
brief3_primary_gaussian-040_seed_20260811,20260811,gaussian,0.4,7,0,0,0.0,0.0,999,0.999
brief3_primary_gaussian-040_seed_20260811,20260811,gaussian,0.4,8,0,0,0.0,0.0,999,0.999
brief3_primary_gaussian-040_seed_20260811,20260811,gaussian,0.4,9,1,0,0.00106951871657754,0.0,999,0.999
brief3_primary_gaussian-040_seed_20260811,20260811,gaussian,0.4,10,0,0,0.0,0.0,999,0.999
brief3_primary_gaussian-040_seed_20260811,20260811,gaussian,0.4,11,0,0,0.0,0.0,1000,1.0
brief3_primary_gaussian-040_seed_20260811,20260811,gaussian,0.4,12,0,0,0.0,0.0,1000,1.0
brief3_primary_gaussian-040_seed_20260811,20260811,gaussian,0.4,13,0,0,0.0,0.0,1000,1.0
brief3_primary_gaussian-040_seed_20260811,20260811,gaussian,0.4,14,0,0,0.0,0.0,998,0.998
brief3_primary_gaussian-040_seed_20260811,20260811,gaussian,0.4,15,0,0,0.0,0.0,999,0.999
brief3_primary_gaussian-040_seed_20260811,20260811,gaussian,0.4,16,0,0,0.0,0.0,999,0.999
brief3_primary_gaussian-040_seed_20260811,20260811,gaussian,0.4,17,0,0,0.0,0.0,998,0.998
brief3_primary_gaussian-040_seed_20260811,20260811,gaussian,0.4,18,0,0,0.0,0.0,998,0.998
brief3_primary_gaussian-040_seed_20260811,20260811,gaussian,0.4,19,0,0,0.0,0.0,998,0.998
brief3_primary_gaussian-040_seed_20260811,20260811,gaussian,0.4,20,0,0,0.0,0.0,997,0.997
brief3_primary_gaussian-040_seed_20260811,20260811,gaussian,0.4,21,0,0,0.0,0.0,996,0.996
brief3_primary_gaussian-040_seed_20260811,20260811,gaussian,0.4,22,0,0,0.0,0.0,996,0.996
brief3_primary_gaussian-040_seed_20260811,20260811,gaussian,0.4,23,0,0,0.0,0.0,993,0.993
brief3_primary_gaussian-040_seed_20260811,20260811,gaussian,0.4,24,0,1,0.0,0.015151515151515152,987,0.987
brief3_primary_gaussian-040_seed_20260811,20260811,gaussian,0.4,25,0,0,0.0,0.0,984,0.984
brief3_primary_gaussian-040_seed_20260811,20260811,gaussian,0.4,26,0,0,0.0,0.0,980,0.98
brief3_primary_gaussian-040_seed_20260811,20260811,gaussian,0.4,27,0,0,0.0,0.0,973,0.973
brief3_primary_gaussian-040_seed_20260811,20260811,gaussian,0.4,28,0,0,0.0,0.0,964,0.964
brief3_primary_gaussian-040_seed_20260811,20260811,gaussian,0.4,29,0,0,0.0,0.0,953,0.953
brief3_primary_gaussian-040_seed_20260811,20260811,gaussian,0.4,30,0,0,0.0,0.0,939,0.939
brief3_primary_gaussian-040_seed_20260811,20260811,gaussian,0.4,31,0,0,0.0,0.0,927,0.927
brief3_primary_gaussian-040_seed_20260811,20260811,gaussian,0.4,32,0,0,0.0,0.0,918,0.918
brief3_primary_occlusion-010_seed_20260811,20260811,occlusion,0.1,1,0,0,0.0,0.0,0,0.0
brief3_primary_occlusion-010_seed_20260811,20260811,occlusion,0.1,2,1,0,0.0010787486515641857,0.0,996,0.996
brief3_primary_occlusion-010_seed_20260811,20260811,occlusion,0.1,3,0,0,0.0,0.0,999,0.999
brief3_primary_occlusion-010_seed_20260811,20260811,occlusion,0.1,4,0,0,0.0,0.0,999,0.999
brief3_primary_occlusion-010_seed_20260811,20260811,occlusion,0.1,5,0,0,0.0,0.0,997,0.997
brief3_primary_occlusion-010_seed_20260811,20260811,occlusion,0.1,6,0,0,0.0,0.0,998,0.998
brief3_primary_occlusion-010_seed_20260811,20260811,occlusion,0.1,7,0,0,0.0,0.0,1000,1.0
brief3_primary_occlusion-010_seed_20260811,20260811,occlusion,0.1,8,0,0,0.0,0.0,999,0.999
brief3_primary_occlusion-010_seed_20260811,20260811,occlusion,0.1,9,1,0,0.0010799136069114472,0.0,997,0.997
brief3_primary_occlusion-010_seed_20260811,20260811,occlusion,0.1,10,0,0,0.0,0.0,1000,1.0
brief3_primary_occlusion-010_seed_20260811,20260811,occlusion,0.1,11,0,0,0.0,0.0,999,0.999
brief3_primary_occlusion-010_seed_20260811,20260811,occlusion,0.1,12,0,0,0.0,0.0,998,0.998
brief3_primary_occlusion-010_seed_20260811,20260811,occlusion,0.1,13,0,0,0.0,0.0,998,0.998
brief3_primary_occlusion-010_seed_20260811,20260811,occlusion,0.1,14,0,0,0.0,0.0,997,0.997
brief3_primary_occlusion-010_seed_20260811,20260811,occlusion,0.1,15,0,0,0.0,0.0,996,0.996
brief3_primary_occlusion-010_seed_20260811,20260811,occlusion,0.1,16,0,0,0.0,0.0,996,0.996
brief3_primary_occlusion-010_seed_20260811,20260811,occlusion,0.1,17,0,0,0.0,0.0,996,0.996
brief3_primary_occlusion-010_seed_20260811,20260811,occlusion,0.1,18,0,0,0.0,0.0,995,0.995
brief3_primary_occlusion-010_seed_20260811,20260811,occlusion,0.1,19,0,0,0.0,0.0,993,0.993
brief3_primary_occlusion-010_seed_20260811,20260811,occlusion,0.1,20,0,0,0.0,0.0,986,0.986
brief3_primary_occlusion-010_seed_20260811,20260811,occlusion,0.1,21,1,0,0.001081081081081081,0.0,979,0.979
brief3_primary_occlusion-010_seed_20260811,20260811,occlusion,0.1,22,0,0,0.0,0.0,968,0.968
brief3_primary_occlusion-010_seed_20260811,20260811,occlusion,0.1,23,0,1,0.0,0.013157894736842105,956,0.956
brief3_primary_occlusion-010_seed_20260811,20260811,occlusion,0.1,24,1,0,0.001081081081081081,0.0,947,0.947
brief3_primary_occlusion-010_seed_20260811,20260811,occlusion,0.1,25,0,0,0.0,0.0,932,0.932
brief3_primary_occlusion-010_seed_20260811,20260811,occlusion,0.1,26,0,0,0.0,0.0,916,0.916
brief3_primary_occlusion-010_seed_20260811,20260811,occlusion,0.1,27,0,0,0.0,0.0,901,0.901
brief3_primary_occlusion-010_seed_20260811,20260811,occlusion,0.1,28,0,0,0.0,0.0,891,0.891
brief3_primary_occlusion-010_seed_20260811,20260811,occlusion,0.1,29,0,0,0.0,0.0,877,0.877
brief3_primary_occlusion-010_seed_20260811,20260811,occlusion,0.1,30,0,0,0.0,0.0,859,0.859
brief3_primary_occlusion-010_seed_20260811,20260811,occlusion,0.1,31,0,0,0.0,0.0,836,0.836
brief3_primary_occlusion-010_seed_20260811,20260811,occlusion,0.1,32,0,0,0.0,0.0,826,0.826
brief3_primary_occlusion-025_seed_20260811,20260811,occlusion,0.25,1,0,0,0.0,0.0,0,0.0
brief3_primary_occlusion-025_seed_20260811,20260811,occlusion,0.25,2,1,1,0.0011061946902654867,0.010416666666666666,975,0.975
brief3_primary_occlusion-025_seed_20260811,20260811,occlusion,0.25,3,0,3,0.0,0.03125,987,0.987
brief3_primary_occlusion-025_seed_20260811,20260811,occlusion,0.25,4,0,0,0.0,0.0,990,0.99
brief3_primary_occlusion-025_seed_20260811,20260811,occlusion,0.25,5,0,0,0.0,0.0,991,0.991
brief3_primary_occlusion-025_seed_20260811,20260811,occlusion,0.25,6,0,0,0.0,0.0,992,0.992
brief3_primary_occlusion-025_seed_20260811,20260811,occlusion,0.25,7,0,0,0.0,0.0,993,0.993
brief3_primary_occlusion-025_seed_20260811,20260811,occlusion,0.25,8,0,0,0.0,0.0,995,0.995
brief3_primary_occlusion-025_seed_20260811,20260811,occlusion,0.25,9,0,0,0.0,0.0,993,0.993
brief3_primary_occlusion-025_seed_20260811,20260811,occlusion,0.25,10,0,0,0.0,0.0,995,0.995
brief3_primary_occlusion-025_seed_20260811,20260811,occlusion,0.25,11,0,0,0.0,0.0,997,0.997
brief3_primary_occlusion-025_seed_20260811,20260811,occlusion,0.25,12,0,0,0.0,0.0,997,0.997
brief3_primary_occlusion-025_seed_20260811,20260811,occlusion,0.25,13,0,0,0.0,0.0,997,0.997
brief3_primary_occlusion-025_seed_20260811,20260811,occlusion,0.25,14,0,0,0.0,0.0,999,0.999
brief3_primary_occlusion-025_seed_20260811,20260811,occlusion,0.25,15,0,0,0.0,0.0,998,0.998
brief3_primary_occlusion-025_seed_20260811,20260811,occlusion,0.25,16,0,0,0.0,0.0,997,0.997
brief3_primary_occlusion-025_seed_20260811,20260811,occlusion,0.25,17,1,0,0.0011025358324145535,0.0,996,0.996
brief3_primary_occlusion-025_seed_20260811,20260811,occlusion,0.25,18,0,0,0.0,0.0,993,0.993
brief3_primary_occlusion-025_seed_20260811,20260811,occlusion,0.25,19,0,0,0.0,0.0,987,0.987
brief3_primary_occlusion-025_seed_20260811,20260811,occlusion,0.25,20,0,0,0.0,0.0,982,0.982
brief3_primary_occlusion-025_seed_20260811,20260811,occlusion,0.25,21,0,0,0.0,0.0,972,0.972
brief3_primary_occlusion-025_seed_20260811,20260811,occlusion,0.25,22,0,0,0.0,0.0,968,0.968
brief3_primary_occlusion-025_seed_20260811,20260811,occlusion,0.25,23,2,0,0.002207505518763797,0.0,960,0.96
brief3_primary_occlusion-025_seed_20260811,20260811,occlusion,0.25,24,1,0,0.0011061946902654867,0.0,949,0.949
brief3_primary_occlusion-025_seed_20260811,20260811,occlusion,0.25,25,0,0,0.0,0.0,938,0.938
brief3_primary_occlusion-025_seed_20260811,20260811,occlusion,0.25,26,0,0,0.0,0.0,929,0.929
brief3_primary_occlusion-025_seed_20260811,20260811,occlusion,0.25,27,0,0,0.0,0.0,917,0.917
brief3_primary_occlusion-025_seed_20260811,20260811,occlusion,0.25,28,0,0,0.0,0.0,909,0.909
brief3_primary_occlusion-025_seed_20260811,20260811,occlusion,0.25,29,1,0,0.0011074197120708748,0.0,897,0.897
brief3_primary_occlusion-025_seed_20260811,20260811,occlusion,0.25,30,1,0,0.0011086474501108647,0.0,884,0.884
brief3_primary_occlusion-025_seed_20260811,20260811,occlusion,0.25,31,0,0,0.0,0.0,879,0.879
brief3_primary_occlusion-025_seed_20260811,20260811,occlusion,0.25,32,0,0,0.0,0.0,862,0.862
brief3_primary_occlusion-040_seed_20260811,20260811,occlusion,0.4,1,0,0,0.0,0.0,0,0.0
brief3_primary_occlusion-040_seed_20260811,20260811,occlusion,0.4,2,6,7,0.006726457399103139,0.06481481481481481,772,0.772
brief3_primary_occlusion-040_seed_20260811,20260811,occlusion,0.4,3,3,12,0.003359462486002239,0.11214953271028036,830,0.83
brief3_primary_occlusion-040_seed_20260811,20260811,occlusion,0.4,4,5,2,0.005543237250554324,0.02040816326530612,841,0.841
brief3_primary_occlusion-040_seed_20260811,20260811,occlusion,0.4,5,5,3,0.0055617352614015575,0.0297029702970297,839,0.839
brief3_primary_occlusion-040_seed_20260811,20260811,occlusion,0.4,6,1,6,0.0011148272017837235,0.05825242718446602,847,0.847
brief3_primary_occlusion-040_seed_20260811,20260811,occlusion,0.4,7,1,1,0.0011086474501108647,0.01020408163265306,847,0.847
brief3_primary_occlusion-040_seed_20260811,20260811,occlusion,0.4,8,1,1,0.0011086474501108647,0.01020408163265306,853,0.853
brief3_primary_occlusion-040_seed_20260811,20260811,occlusion,0.4,9,1,1,0.0011086474501108647,0.01020408163265306,849,0.849
brief3_primary_occlusion-040_seed_20260811,20260811,occlusion,0.4,10,0,1,0.0,0.01020408163265306,857,0.857
brief3_primary_occlusion-040_seed_20260811,20260811,occlusion,0.4,11,1,1,0.0011074197120708748,0.010309278350515464,892,0.892
brief3_primary_occlusion-040_seed_20260811,20260811,occlusion,0.4,12,1,0,0.0011074197120708748,0.0,893,0.893
brief3_primary_occlusion-040_seed_20260811,20260811,occlusion,0.4,13,1,0,0.0011086474501108647,0.0,896,0.896
brief3_primary_occlusion-040_seed_20260811,20260811,occlusion,0.4,14,0,0,0.0,0.0,905,0.905
brief3_primary_occlusion-040_seed_20260811,20260811,occlusion,0.4,15,0,1,0.0,0.010101010101010102,909,0.909
brief3_primary_occlusion-040_seed_20260811,20260811,occlusion,0.4,16,0,1,0.0,0.01020408163265306,908,0.908
brief3_primary_occlusion-040_seed_20260811,20260811,occlusion,0.4,17,0,2,0.0,0.020618556701030927,910,0.91
brief3_primary_occlusion-040_seed_20260811,20260811,occlusion,0.4,18,0,0,0.0,0.0,910,0.91
brief3_primary_occlusion-040_seed_20260811,20260811,occlusion,0.4,19,0,0,0.0,0.0,907,0.907
brief3_primary_occlusion-040_seed_20260811,20260811,occlusion,0.4,20,2,0,0.0022099447513812156,0.0,907,0.907
brief3_primary_occlusion-040_seed_20260811,20260811,occlusion,0.4,21,0,1,0.0,0.010309278350515464,903,0.903
brief3_primary_occlusion-040_seed_20260811,20260811,occlusion,0.4,22,0,0,0.0,0.0,903,0.903
brief3_primary_occlusion-040_seed_20260811,20260811,occlusion,0.4,23,0,1,0.0,0.010416666666666666,901,0.901
brief3_primary_occlusion-040_seed_20260811,20260811,occlusion,0.4,24,1,2,0.0011049723756906078,0.021052631578947368,900,0.9
brief3_primary_occlusion-040_seed_20260811,20260811,occlusion,0.4,25,0,0,0.0,0.0,899,0.899
brief3_primary_occlusion-040_seed_20260811,20260811,occlusion,0.4,26,0,2,0.0,0.02127659574468085,898,0.898
brief3_primary_occlusion-040_seed_20260811,20260811,occlusion,0.4,27,0,0,0.0,0.0,898,0.898
brief3_primary_occlusion-040_seed_20260811,20260811,occlusion,0.4,28,1,0,0.0011013215859030838,0.0,887,0.887
brief3_primary_occlusion-040_seed_20260811,20260811,occlusion,0.4,29,0,0,0.0,0.0,888,0.888
brief3_primary_occlusion-040_seed_20260811,20260811,occlusion,0.4,30,0,1,0.0,0.010752688172043012,882,0.882
brief3_primary_occlusion-040_seed_20260811,20260811,occlusion,0.4,31,0,0,0.0,0.0,888,0.888
brief3_primary_occlusion-040_seed_20260811,20260811,occlusion,0.4,32,0,0,0.0,0.0,877,0.877
brief3_primary_occlusion-055_seed_20260811,20260811,occlusion,0.55,1,0,0,0.0,0.0,0,0.0
brief3_primary_occlusion-055_seed_20260811,20260811,occlusion,0.55,2,1,3,0.0011441647597254005,0.023809523809523808,440,0.44
brief3_primary_occlusion-055_seed_20260811,20260811,occlusion,0.55,3,0,0,0.0,0.0,444,0.444
brief3_primary_occlusion-055_seed_20260811,20260811,occlusion,0.55,4,2,10,0.00228310502283105,0.08064516129032258,451,0.451
brief3_primary_occlusion-055_seed_20260811,20260811,occlusion,0.55,5,13,15,0.014705882352941176,0.12931034482758622,458,0.458
brief3_primary_occlusion-055_seed_20260811,20260811,occlusion,0.55,6,8,8,0.009029345372460496,0.07017543859649122,466,0.466
brief3_primary_occlusion-055_seed_20260811,20260811,occlusion,0.55,7,4,10,0.004514672686230248,0.08771929824561403,467,0.467
brief3_primary_occlusion-055_seed_20260811,20260811,occlusion,0.55,8,1,11,0.0011210762331838565,0.10185185185185185,471,0.471
brief3_primary_occlusion-055_seed_20260811,20260811,occlusion,0.55,9,2,5,0.0022172949002217295,0.05102040816326531,473,0.473
brief3_primary_occlusion-055_seed_20260811,20260811,occlusion,0.55,10,0,0,0.0,0.0,473,0.473
brief3_primary_occlusion-055_seed_20260811,20260811,occlusion,0.55,11,0,0,0.0,0.0,475,0.475
brief3_primary_occlusion-055_seed_20260811,20260811,occlusion,0.55,12,0,0,0.0,0.0,483,0.483
brief3_primary_occlusion-055_seed_20260811,20260811,occlusion,0.55,13,0,0,0.0,0.0,484,0.484
brief3_primary_occlusion-055_seed_20260811,20260811,occlusion,0.55,14,0,0,0.0,0.0,490,0.49
brief3_primary_occlusion-055_seed_20260811,20260811,occlusion,0.55,15,0,1,0.0,0.010526315789473684,491,0.491
brief3_primary_occlusion-055_seed_20260811,20260811,occlusion,0.55,16,0,0,0.0,0.0,495,0.495
brief3_primary_occlusion-055_seed_20260811,20260811,occlusion,0.55,17,0,0,0.0,0.0,493,0.493
brief3_primary_occlusion-055_seed_20260811,20260811,occlusion,0.55,18,1,2,0.0011037527593818985,0.02127659574468085,497,0.497
brief3_primary_occlusion-055_seed_20260811,20260811,occlusion,0.55,19,2,2,0.002205071664829107,0.021505376344086023,497,0.497
brief3_primary_occlusion-055_seed_20260811,20260811,occlusion,0.55,20,1,1,0.0011025358324145535,0.010752688172043012,499,0.499
brief3_primary_occlusion-055_seed_20260811,20260811,occlusion,0.55,21,0,1,0.0,0.010752688172043012,498,0.498
brief3_primary_occlusion-055_seed_20260811,20260811,occlusion,0.55,22,1,1,0.0011013215859030838,0.010869565217391304,497,0.497
brief3_primary_occlusion-055_seed_20260811,20260811,occlusion,0.55,23,0,0,0.0,0.0,501,0.501
brief3_primary_occlusion-055_seed_20260811,20260811,occlusion,0.55,24,0,1,0.0,0.010869565217391304,506,0.506
brief3_primary_occlusion-055_seed_20260811,20260811,occlusion,0.55,25,0,1,0.0,0.01098901098901099,517,0.517
brief3_primary_occlusion-055_seed_20260811,20260811,occlusion,0.55,26,2,1,0.002197802197802198,0.011111111111111112,528,0.528
brief3_primary_occlusion-055_seed_20260811,20260811,occlusion,0.55,27,0,0,0.0,0.0,521,0.521
brief3_primary_occlusion-055_seed_20260811,20260811,occlusion,0.55,28,0,0,0.0,0.0,519,0.519
brief3_primary_occlusion-055_seed_20260811,20260811,occlusion,0.55,29,1,0,0.0011001100110011,0.0,536,0.536
brief3_primary_occlusion-055_seed_20260811,20260811,occlusion,0.55,30,0,1,0.0,0.010869565217391304,536,0.536
brief3_primary_occlusion-055_seed_20260811,20260811,occlusion,0.55,31,2,0,0.0022002200220022,0.0,548,0.548
brief3_primary_occlusion-055_seed_20260811,20260811,occlusion,0.55,32,0,0,0.0,0.0,539,0.539
brief3_primary_vertical-strip_seed_20260811,20260811,vertical_strip,0.25,1,0,0,0.0,0.0,0,0.0
brief3_primary_vertical-strip_seed_20260811,20260811,vertical_strip,0.25,2,0,1,0.0,0.010309278350515464,934,0.934
brief3_primary_vertical-strip_seed_20260811,20260811,vertical_strip,0.25,3,0,0,0.0,0.0,936,0.936
brief3_primary_vertical-strip_seed_20260811,20260811,vertical_strip,0.25,4,0,0,0.0,0.0,940,0.94
brief3_primary_vertical-strip_seed_20260811,20260811,vertical_strip,0.25,5,0,0,0.0,0.0,941,0.941
brief3_primary_vertical-strip_seed_20260811,20260811,vertical_strip,0.25,6,0,0,0.0,0.0,941,0.941
brief3_primary_vertical-strip_seed_20260811,20260811,vertical_strip,0.25,7,0,0,0.0,0.0,942,0.942
brief3_primary_vertical-strip_seed_20260811,20260811,vertical_strip,0.25,8,0,0,0.0,0.0,941,0.941
brief3_primary_vertical-strip_seed_20260811,20260811,vertical_strip,0.25,9,0,0,0.0,0.0,942,0.942
brief3_primary_vertical-strip_seed_20260811,20260811,vertical_strip,0.25,10,0,0,0.0,0.0,942,0.942
brief3_primary_vertical-strip_seed_20260811,20260811,vertical_strip,0.25,11,0,0,0.0,0.0,941,0.941
brief3_primary_vertical-strip_seed_20260811,20260811,vertical_strip,0.25,12,0,0,0.0,0.0,942,0.942
brief3_primary_vertical-strip_seed_20260811,20260811,vertical_strip,0.25,13,0,0,0.0,0.0,942,0.942
brief3_primary_vertical-strip_seed_20260811,20260811,vertical_strip,0.25,14,0,0,0.0,0.0,942,0.942
brief3_primary_vertical-strip_seed_20260811,20260811,vertical_strip,0.25,15,0,0,0.0,0.0,942,0.942
brief3_primary_vertical-strip_seed_20260811,20260811,vertical_strip,0.25,16,0,0,0.0,0.0,943,0.943
brief3_primary_vertical-strip_seed_20260811,20260811,vertical_strip,0.25,17,0,0,0.0,0.0,942,0.942
brief3_primary_vertical-strip_seed_20260811,20260811,vertical_strip,0.25,18,0,0,0.0,0.0,941,0.941
brief3_primary_vertical-strip_seed_20260811,20260811,vertical_strip,0.25,19,0,0,0.0,0.0,942,0.942
brief3_primary_vertical-strip_seed_20260811,20260811,vertical_strip,0.25,20,0,0,0.0,0.0,941,0.941
brief3_primary_vertical-strip_seed_20260811,20260811,vertical_strip,0.25,21,0,0,0.0,0.0,937,0.937
brief3_primary_vertical-strip_seed_20260811,20260811,vertical_strip,0.25,22,0,0,0.0,0.0,937,0.937
brief3_primary_vertical-strip_seed_20260811,20260811,vertical_strip,0.25,23,0,0,0.0,0.0,928,0.928
brief3_primary_vertical-strip_seed_20260811,20260811,vertical_strip,0.25,24,0,0,0.0,0.0,917,0.917
brief3_primary_vertical-strip_seed_20260811,20260811,vertical_strip,0.25,25,0,0,0.0,0.0,911,0.911
brief3_primary_vertical-strip_seed_20260811,20260811,vertical_strip,0.25,26,1,0,0.0011061946902654867,0.0,903,0.903
brief3_primary_vertical-strip_seed_20260811,20260811,vertical_strip,0.25,27,0,0,0.0,0.0,891,0.891
brief3_primary_vertical-strip_seed_20260811,20260811,vertical_strip,0.25,28,0,0,0.0,0.0,884,0.884
brief3_primary_vertical-strip_seed_20260811,20260811,vertical_strip,0.25,29,0,0,0.0,0.0,871,0.871
brief3_primary_vertical-strip_seed_20260811,20260811,vertical_strip,0.25,30,0,0,0.0,0.0,859,0.859
brief3_primary_vertical-strip_seed_20260811,20260811,vertical_strip,0.25,31,0,0,0.0,0.0,850,0.85
brief3_primary_vertical-strip_seed_20260811,20260811,vertical_strip,0.25,32,0,0,0.0,0.0,845,0.845
brief3_primary_horizontal-strip_seed_20260811,20260811,horizontal_strip,0.25,1,0,0,0.0,0.0,0,0.0
brief3_primary_horizontal-strip_seed_20260811,20260811,horizontal_strip,0.25,2,0,2,0.0,0.017543859649122806,992,0.992
brief3_primary_horizontal-strip_seed_20260811,20260811,horizontal_strip,0.25,3,0,0,0.0,0.0,997,0.997
brief3_primary_horizontal-strip_seed_20260811,20260811,horizontal_strip,0.25,4,0,0,0.0,0.0,999,0.999
brief3_primary_horizontal-strip_seed_20260811,20260811,horizontal_strip,0.25,5,1,0,0.001126126126126126,0.0,999,0.999
brief3_primary_horizontal-strip_seed_20260811,20260811,horizontal_strip,0.25,6,0,0,0.0,0.0,999,0.999
brief3_primary_horizontal-strip_seed_20260811,20260811,horizontal_strip,0.25,7,1,0,0.0011273957158962795,0.0,999,0.999
brief3_primary_horizontal-strip_seed_20260811,20260811,horizontal_strip,0.25,8,0,0,0.0,0.0,1000,1.0
brief3_primary_horizontal-strip_seed_20260811,20260811,horizontal_strip,0.25,9,0,0,0.0,0.0,1000,1.0
brief3_primary_horizontal-strip_seed_20260811,20260811,horizontal_strip,0.25,10,0,0,0.0,0.0,1000,1.0
brief3_primary_horizontal-strip_seed_20260811,20260811,horizontal_strip,0.25,11,0,0,0.0,0.0,1000,1.0
brief3_primary_horizontal-strip_seed_20260811,20260811,horizontal_strip,0.25,12,0,0,0.0,0.0,1000,1.0
brief3_primary_horizontal-strip_seed_20260811,20260811,horizontal_strip,0.25,13,0,0,0.0,0.0,1000,1.0
brief3_primary_horizontal-strip_seed_20260811,20260811,horizontal_strip,0.25,14,0,0,0.0,0.0,1000,1.0
brief3_primary_horizontal-strip_seed_20260811,20260811,horizontal_strip,0.25,15,0,0,0.0,0.0,1000,1.0
brief3_primary_horizontal-strip_seed_20260811,20260811,horizontal_strip,0.25,16,0,0,0.0,0.0,1000,1.0
brief3_primary_horizontal-strip_seed_20260811,20260811,horizontal_strip,0.25,17,0,0,0.0,0.0,1000,1.0
brief3_primary_horizontal-strip_seed_20260811,20260811,horizontal_strip,0.25,18,0,0,0.0,0.0,1000,1.0
brief3_primary_horizontal-strip_seed_20260811,20260811,horizontal_strip,0.25,19,0,0,0.0,0.0,1000,1.0
brief3_primary_horizontal-strip_seed_20260811,20260811,horizontal_strip,0.25,20,0,0,0.0,0.0,1000,1.0
brief3_primary_horizontal-strip_seed_20260811,20260811,horizontal_strip,0.25,21,0,0,0.0,0.0,1000,1.0
brief3_primary_horizontal-strip_seed_20260811,20260811,horizontal_strip,0.25,22,0,0,0.0,0.0,999,0.999
brief3_primary_horizontal-strip_seed_20260811,20260811,horizontal_strip,0.25,23,0,0,0.0,0.0,998,0.998
brief3_primary_horizontal-strip_seed_20260811,20260811,horizontal_strip,0.25,24,0,1,0.0,0.008771929824561403,998,0.998
brief3_primary_horizontal-strip_seed_20260811,20260811,horizontal_strip,0.25,25,0,0,0.0,0.0,998,0.998
brief3_primary_horizontal-strip_seed_20260811,20260811,horizontal_strip,0.25,26,0,0,0.0,0.0,999,0.999
brief3_primary_horizontal-strip_seed_20260811,20260811,horizontal_strip,0.25,27,0,0,0.0,0.0,996,0.996
brief3_primary_horizontal-strip_seed_20260811,20260811,horizontal_strip,0.25,28,0,0,0.0,0.0,994,0.994
brief3_primary_horizontal-strip_seed_20260811,20260811,horizontal_strip,0.25,29,0,0,0.0,0.0,993,0.993
brief3_primary_horizontal-strip_seed_20260811,20260811,horizontal_strip,0.25,30,0,0,0.0,0.0,992,0.992
brief3_primary_horizontal-strip_seed_20260811,20260811,horizontal_strip,0.25,31,0,0,0.0,0.0,990,0.99
brief3_primary_horizontal-strip_seed_20260811,20260811,horizontal_strip,0.25,32,0,0,0.0,0.0,985,0.985
brief3_primary_central-block_seed_20260811,20260811,central_block,0.25,1,0,0,0.0,0.0,0,0.0
brief3_primary_central-block_seed_20260811,20260811,central_block,0.25,2,0,5,0.0,0.05,936,0.936
brief3_primary_central-block_seed_20260811,20260811,central_block,0.25,3,0,0,0.0,0.0,950,0.95
brief3_primary_central-block_seed_20260811,20260811,central_block,0.25,4,4,13,0.004419889502762431,0.1368421052631579,953,0.953
brief3_primary_central-block_seed_20260811,20260811,central_block,0.25,5,0,0,0.0,0.0,956,0.956
brief3_primary_central-block_seed_20260811,20260811,central_block,0.25,6,0,0,0.0,0.0,958,0.958
brief3_primary_central-block_seed_20260811,20260811,central_block,0.25,7,0,0,0.0,0.0,962,0.962
brief3_primary_central-block_seed_20260811,20260811,central_block,0.25,8,0,0,0.0,0.0,961,0.961
brief3_primary_central-block_seed_20260811,20260811,central_block,0.25,9,1,0,0.0010940919037199124,0.0,964,0.964
brief3_primary_central-block_seed_20260811,20260811,central_block,0.25,10,1,0,0.001095290251916758,0.0,964,0.964
brief3_primary_central-block_seed_20260811,20260811,central_block,0.25,11,0,0,0.0,0.0,965,0.965
brief3_primary_central-block_seed_20260811,20260811,central_block,0.25,12,0,0,0.0,0.0,970,0.97
brief3_primary_central-block_seed_20260811,20260811,central_block,0.25,13,0,0,0.0,0.0,970,0.97
brief3_primary_central-block_seed_20260811,20260811,central_block,0.25,14,0,0,0.0,0.0,968,0.968
brief3_primary_central-block_seed_20260811,20260811,central_block,0.25,15,0,1,0.0,0.011363636363636364,975,0.975
brief3_primary_central-block_seed_20260811,20260811,central_block,0.25,16,0,0,0.0,0.0,972,0.972
brief3_primary_central-block_seed_20260811,20260811,central_block,0.25,17,0,0,0.0,0.0,975,0.975
brief3_primary_central-block_seed_20260811,20260811,central_block,0.25,18,1,0,0.001095290251916758,0.0,975,0.975
brief3_primary_central-block_seed_20260811,20260811,central_block,0.25,19,1,1,0.0010964912280701754,0.011363636363636364,975,0.975
brief3_primary_central-block_seed_20260811,20260811,central_block,0.25,20,0,0,0.0,0.0,974,0.974
brief3_primary_central-block_seed_20260811,20260811,central_block,0.25,21,1,0,0.0010964912280701754,0.0,976,0.976
brief3_primary_central-block_seed_20260811,20260811,central_block,0.25,22,0,0,0.0,0.0,973,0.973
brief3_primary_central-block_seed_20260811,20260811,central_block,0.25,23,1,0,0.001097694840834248,0.0,973,0.973
brief3_primary_central-block_seed_20260811,20260811,central_block,0.25,24,0,0,0.0,0.0,975,0.975
brief3_primary_central-block_seed_20260811,20260811,central_block,0.25,25,0,0,0.0,0.0,972,0.972
brief3_primary_central-block_seed_20260811,20260811,central_block,0.25,26,0,0,0.0,0.0,983,0.983
brief3_primary_central-block_seed_20260811,20260811,central_block,0.25,27,0,0,0.0,0.0,970,0.97
brief3_primary_central-block_seed_20260811,20260811,central_block,0.25,28,1,0,0.001098901098901099,0.0,965,0.965
brief3_primary_central-block_seed_20260811,20260811,central_block,0.25,29,0,1,0.0,0.01098901098901099,971,0.971
brief3_primary_central-block_seed_20260811,20260811,central_block,0.25,30,0,0,0.0,0.0,959,0.959
brief3_primary_central-block_seed_20260811,20260811,central_block,0.25,31,0,0,0.0,0.0,956,0.956
brief3_primary_central-block_seed_20260811,20260811,central_block,0.25,32,0,0,0.0,0.0,948,0.948
brief3_primary_random-patches_seed_20260811,20260811,random_patches,0.25,1,0,0,0.0,0.0,0,0.0
brief3_primary_random-patches_seed_20260811,20260811,random_patches,0.25,2,0,0,0.0,0.0,1000,1.0
brief3_primary_random-patches_seed_20260811,20260811,random_patches,0.25,3,1,0,0.001095290251916758,0.0,999,0.999
brief3_primary_random-patches_seed_20260811,20260811,random_patches,0.25,4,0,1,0.0,0.011363636363636364,998,0.998
brief3_primary_random-patches_seed_20260811,20260811,random_patches,0.25,5,0,1,0.0,0.011494252873563218,999,0.999
brief3_primary_random-patches_seed_20260811,20260811,random_patches,0.25,6,0,0,0.0,0.0,1000,1.0
brief3_primary_random-patches_seed_20260811,20260811,random_patches,0.25,7,0,0,0.0,0.0,999,0.999
brief3_primary_random-patches_seed_20260811,20260811,random_patches,0.25,8,0,0,0.0,0.0,998,0.998
brief3_primary_random-patches_seed_20260811,20260811,random_patches,0.25,9,0,1,0.0,0.011627906976744186,999,0.999
brief3_primary_random-patches_seed_20260811,20260811,random_patches,0.25,10,0,0,0.0,0.0,1000,1.0
brief3_primary_random-patches_seed_20260811,20260811,random_patches,0.25,11,0,0,0.0,0.0,1000,1.0
brief3_primary_random-patches_seed_20260811,20260811,random_patches,0.25,12,0,0,0.0,0.0,1000,1.0
brief3_primary_random-patches_seed_20260811,20260811,random_patches,0.25,13,0,0,0.0,0.0,999,0.999
brief3_primary_random-patches_seed_20260811,20260811,random_patches,0.25,14,0,0,0.0,0.0,1000,1.0
brief3_primary_random-patches_seed_20260811,20260811,random_patches,0.25,15,0,0,0.0,0.0,999,0.999
brief3_primary_random-patches_seed_20260811,20260811,random_patches,0.25,16,0,0,0.0,0.0,998,0.998
brief3_primary_random-patches_seed_20260811,20260811,random_patches,0.25,17,0,0,0.0,0.0,999,0.999
brief3_primary_random-patches_seed_20260811,20260811,random_patches,0.25,18,0,0,0.0,0.0,999,0.999
brief3_primary_random-patches_seed_20260811,20260811,random_patches,0.25,19,0,0,0.0,0.0,998,0.998
brief3_primary_random-patches_seed_20260811,20260811,random_patches,0.25,20,0,0,0.0,0.0,994,0.994
brief3_primary_random-patches_seed_20260811,20260811,random_patches,0.25,21,0,0,0.0,0.0,986,0.986
brief3_primary_random-patches_seed_20260811,20260811,random_patches,0.25,22,0,0,0.0,0.0,981,0.981
brief3_primary_random-patches_seed_20260811,20260811,random_patches,0.25,23,0,0,0.0,0.0,971,0.971
brief3_primary_random-patches_seed_20260811,20260811,random_patches,0.25,24,0,0,0.0,0.0,964,0.964
brief3_primary_random-patches_seed_20260811,20260811,random_patches,0.25,25,0,0,0.0,0.0,949,0.949
brief3_primary_random-patches_seed_20260811,20260811,random_patches,0.25,26,0,0,0.0,0.0,942,0.942
brief3_primary_random-patches_seed_20260811,20260811,random_patches,0.25,27,0,0,0.0,0.0,925,0.925
brief3_primary_random-patches_seed_20260811,20260811,random_patches,0.25,28,0,0,0.0,0.0,910,0.91
brief3_primary_random-patches_seed_20260811,20260811,random_patches,0.25,29,0,0,0.0,0.0,896,0.896
brief3_primary_random-patches_seed_20260811,20260811,random_patches,0.25,30,0,0,0.0,0.0,878,0.878
brief3_primary_random-patches_seed_20260811,20260811,random_patches,0.25,31,0,0,0.0,0.0,867,0.867
brief3_primary_random-patches_seed_20260811,20260811,random_patches,0.25,32,0,0,0.0,0.0,848,0.848
